"indicator_id","type","value","provider","observed_roles","evidence_tier","first_observed","last_observed","observation_count","status","confidence","source_id","safe_for_blocking","notes"
"domain-0001","domain","hostinger-mail-ewgjnwrkgnkrw-abrtbnckeenwqepksujxmecy[.]pages[.]dev","Cloudflare Pages","task","confirmed-main-family","2026-07-04T17:51:10.469000Z","2026-07-04T20:12:42.658000Z","2","observed","high","hecavex-investigation","false","Exact long-family domain; scan observation is not victim telemetry. Verify current provider lifecycle before action."
"domain-0002","domain","hostinger-mail-ewgjnwrkgnkrw-abvyvzvqkteuqbpsbvtwtykr[.]pages[.]dev","Cloudflare Pages","task","confirmed-main-family","2026-04-24T09:53:38.896000Z","2026-07-12T10:50:27.193000Z","2","observed","high","hecavex-investigation","false","Exact long-family domain; scan observation is not victim telemetry. Verify current provider lifecycle before action."
"domain-0003","domain","hostinger-mail-ewgjnwrkgnkrw-abzcumdcybrfjcqtifxdpprl[.]pages[.]dev","Cloudflare Pages","task","confirmed-main-family","2026-08-16T15:57:51.211000Z","2026-08-16T15:57:51.211000Z","1","observed","high","hecavex-investigation","false","Exact long-family domain; scan observation is not victim telemetry. Verify current provider lifecycle before action."
"domain-0004","domain","hostinger-mail-ewgjnwrkgnkrw-ahjepyjqhxtodryahooakzxw[.]pages[.]dev","Cloudflare Pages","final-page;task","confirmed-main-family","2026-04-13T08:31:24.408000Z","2026-04-13T08:31:24.408000Z","1","observed","high","hecavex-investigation","false","Exact long-family domain; scan observation is not victim telemetry. Verify current provider lifecycle before action."
"domain-0005","domain","hostinger-mail-ewgjnwrkgnkrw-akjowroxfawatowgxsewwpqf[.]pages[.]dev","Cloudflare Pages","task","confirmed-main-family","2026-06-20T20:52:56.543000Z","2026-07-07T07:14:47.991000Z","2","observed","high","hecavex-investigation","false","Exact long-family domain; scan observation is not victim telemetry. Verify current provider lifecycle before action."
"domain-0006","domain","hostinger-mail-ewgjnwrkgnkrw-ampfowkbcsgnulnoqpwkveqj[.]pages[.]dev","Cloudflare Pages","task","confirmed-main-family","2026-05-29T08:55:59.288000Z","2026-05-29T12:34:51.684000Z","2","observed","high","hecavex-investigation","false","Exact long-family domain; scan observation is not victim telemetry. Verify current provider lifecycle before action."
"domain-0007","domain","hostinger-mail-ewgjnwrkgnkrw-apxpcogkqntbsvzbkzoscfbf[.]pages[.]dev","Cloudflare Pages","final-page;task","confirmed-main-family","2026-04-16T10:51:01.255000Z","2026-04-16T10:51:01.255000Z","1","observed","high","hecavex-investigation","false","Exact long-family domain; scan observation is not victim telemetry. Verify current provider lifecycle before action."
"domain-0008","domain","hostinger-mail-ewgjnwrkgnkrw-auchhgfjrbbjieifyjoqrcln[.]pages[.]dev","Cloudflare Pages","task","confirmed-main-family","2026-05-20T07:41:21.827000Z","2026-05-20T19:08:15.012000Z","2","observed","high","hecavex-investigation","false","Exact long-family domain; scan observation is not victim telemetry. Verify current provider lifecycle before action."
"domain-0009","domain","hostinger-mail-ewgjnwrkgnkrw-avznzzbsefyvkvvgkxkkpxmt[.]pages[.]dev","Cloudflare Pages","task","confirmed-main-family","2026-06-25T23:22:55.074000Z","2026-06-26T15:07:27.724000Z","2","observed","high","hecavex-investigation","false","Exact long-family domain; scan observation is not victim telemetry. Verify current provider lifecycle before action."
"domain-0010","domain","hostinger-mail-ewgjnwrkgnkrw-bacjbcsrndcqhecpoiehqjtb[.]pages[.]dev","Cloudflare Pages","task","confirmed-main-family","2026-05-13T09:11:12.571000Z","2026-05-15T10:04:57.947000Z","3","observed","high","hecavex-investigation","false","Exact long-family domain; scan observation is not victim telemetry. Verify current provider lifecycle before action."
"domain-0011","domain","hostinger-mail-ewgjnwrkgnkrw-bbgymumhslrjyrafdzocvfrl[.]pages[.]dev","Cloudflare Pages","task","confirmed-main-family","2026-08-20T10:28:37.274000Z","2026-08-20T10:28:37.274000Z","1","observed","high","hecavex-investigation","false","Exact long-family domain; scan observation is not victim telemetry. Verify current provider lifecycle before action."
"domain-0012","domain","hostinger-mail-ewgjnwrkgnkrw-bfxqyttsywpcokaglkpczbkb[.]pages[.]dev","Cloudflare Pages","task","confirmed-main-family","2026-05-04T05:56:00.754000Z","2026-05-04T14:42:42.962000Z","2","observed","high","hecavex-investigation","false","Exact long-family domain; scan observation is not victim telemetry. Verify current provider lifecycle before action."
"domain-0013","domain","hostinger-mail-ewgjnwrkgnkrw-bjonlpwtjxjqcxavzbrqmzls[.]pages[.]dev","Cloudflare Pages","task","confirmed-main-family","2026-05-18T10:14:50.237000Z","2026-05-23T19:29:10.843000Z","2","observed","high","hecavex-investigation","false","Exact long-family domain; scan observation is not victim telemetry. Verify current provider lifecycle before action."
"domain-0014","domain","hostinger-mail-ewgjnwrkgnkrw-bkpyuosmmrcfuzbfxgewnvyi[.]pages[.]dev","Cloudflare Pages","task","confirmed-main-family","2026-04-28T01:48:18.952000Z","2026-04-28T07:45:39.381000Z","3","observed","high","hecavex-investigation","false","Exact long-family domain; scan observation is not victim telemetry. Verify current provider lifecycle before action."
"domain-0015","domain","hostinger-mail-ewgjnwrkgnkrw-bnepbwrpfbgfrejsvekhvgsz[.]pages[.]dev","Cloudflare Pages","task","confirmed-main-family","2026-05-12T23:35:28.906000Z","2026-05-12T23:35:28.906000Z","1","observed","high","hecavex-investigation","false","Exact long-family domain; scan observation is not victim telemetry. Verify current provider lifecycle before action."
"domain-0016","domain","hostinger-mail-ewgjnwrkgnkrw-bpeufomzmulmpbrmctqrwoog[.]pages[.]dev","Cloudflare Pages","task","confirmed-main-family","2026-04-29T16:13:37.967000Z","2026-06-27T16:46:48.353000Z","2","observed","high","hecavex-investigation","false","Exact long-family domain; scan observation is not victim telemetry. Verify current provider lifecycle before action."
"domain-0017","domain","hostinger-mail-ewgjnwrkgnkrw-bpmyubyzaeutyofskhaoxvuw[.]pages[.]dev","Cloudflare Pages","final-page;task","confirmed-main-family","2026-04-06T15:04:45.355000Z","2026-08-14T11:29:28.726000Z","3","observed","high","hecavex-investigation","false","Exact long-family domain; scan observation is not victim telemetry. Verify current provider lifecycle before action."
"domain-0018","domain","hostinger-mail-ewgjnwrkgnkrw-bsjhrlpnnodtlbqvluxqtjgf[.]pages[.]dev","Cloudflare Pages","final-page;task","confirmed-main-family","2026-04-23T20:54:36.707000Z","2026-06-21T18:18:31.613000Z","2","observed","high","hecavex-investigation","false","Exact long-family domain; scan observation is not victim telemetry. Verify current provider lifecycle before action."
"domain-0019","domain","hostinger-mail-ewgjnwrkgnkrw-bxynnakvwbardcmwlmriickt[.]pages[.]dev","Cloudflare Pages","task","confirmed-main-family","2026-04-21T11:20:54.304000Z","2026-04-21T11:20:54.304000Z","1","observed","high","hecavex-investigation","false","Exact long-family domain; scan observation is not victim telemetry. Verify current provider lifecycle before action."
"domain-0020","domain","hostinger-mail-ewgjnwrkgnkrw-bxzjuapnjfznocpgwhdkdowp[.]pages[.]dev","Cloudflare Pages","task","confirmed-main-family","2026-07-19T21:23:46.020000Z","2026-07-19T21:23:46.020000Z","1","observed","high","hecavex-investigation","false","Exact long-family domain; scan observation is not victim telemetry. Verify current provider lifecycle before action."
"domain-0021","domain","hostinger-mail-ewgjnwrkgnkrw-ccslekboklhascaubcloacpy[.]pages[.]dev","Cloudflare Pages","task","confirmed-main-family","2026-04-23T05:45:50.638000Z","2026-04-23T19:09:15.014000Z","2","observed","high","hecavex-investigation","false","Exact long-family domain; scan observation is not victim telemetry. Verify current provider lifecycle before action."
"domain-0022","domain","hostinger-mail-ewgjnwrkgnkrw-cfxpoocthgvrozlrtvkuhfnm[.]pages[.]dev","Cloudflare Pages","task","confirmed-main-family","2026-06-26T07:55:10.196000Z","2026-06-26T07:55:10.196000Z","1","observed","high","hecavex-investigation","false","Exact long-family domain; scan observation is not victim telemetry. Verify current provider lifecycle before action."
"domain-0023","domain","hostinger-mail-ewgjnwrkgnkrw-cibdgytglzvjzdpcackwbiut[.]pages[.]dev","Cloudflare Pages","final-page;task","confirmed-main-family","2026-03-26T22:26:59.359000Z","2026-07-30T22:57:37.504000Z","4","observed","high","hecavex-investigation","false","Exact long-family domain; scan observation is not victim telemetry. Verify current provider lifecycle before action."
"domain-0024","domain","hostinger-mail-ewgjnwrkgnkrw-cidqfcaggcycngscfjjtract[.]pages[.]dev","Cloudflare Pages","task","confirmed-main-family","2026-06-02T10:31:01.962000Z","2026-08-20T02:52:35.432000Z","7","observed","high","hecavex-investigation","false","Exact long-family domain; scan observation is not victim telemetry. Verify current provider lifecycle before action."
"domain-0025","domain","hostinger-mail-ewgjnwrkgnkrw-cmizffmjywjxwfxjdgpfwdyr[.]pages[.]dev","Cloudflare Pages","final-page;task","confirmed-main-family","2026-04-10T20:18:39.410000Z","2026-04-10T20:18:39.410000Z","1","observed","high","hecavex-investigation","false","Exact long-family domain; scan observation is not victim telemetry. Verify current provider lifecycle before action."
"domain-0026","domain","hostinger-mail-ewgjnwrkgnkrw-cpthdisozkazoscfrvzklybs[.]pages[.]dev","Cloudflare Pages","task","confirmed-main-family","2026-04-08T06:22:16.615000Z","2026-04-08T06:22:16.615000Z","1","observed","high","hecavex-investigation","false","Exact long-family domain; scan observation is not victim telemetry. Verify current provider lifecycle before action."
"domain-0027","domain","hostinger-mail-ewgjnwrkgnkrw-cpxprpghpczjzpszszkmgipl[.]pages[.]dev","Cloudflare Pages","task","confirmed-main-family","2026-05-26T03:27:19.241000Z","2026-07-23T09:19:52.960000Z","2","observed","high","hecavex-investigation","false","Exact long-family domain; scan observation is not victim telemetry. Verify current provider lifecycle before action."
"domain-0028","domain","hostinger-mail-ewgjnwrkgnkrw-csaqfwbjwghsvqfbqxmticyz[.]pages[.]dev","Cloudflare Pages","task","confirmed-main-family","2026-08-19T15:35:28.082000Z","2026-08-19T23:29:59.907000Z","3","observed","high","hecavex-investigation","false","Exact long-family domain; scan observation is not victim telemetry. Verify current provider lifecycle before action."
"domain-0029","domain","hostinger-mail-ewgjnwrkgnkrw-csecjpdibyvzvkarazsspyck[.]pages[.]dev","Cloudflare Pages","task","confirmed-main-family","2026-06-17T21:10:05.186000Z","2026-07-03T15:09:32.667000Z","5","observed","high","hecavex-investigation","false","Exact long-family domain; scan observation is not victim telemetry. Verify current provider lifecycle before action."
"domain-0030","domain","hostinger-mail-ewgjnwrkgnkrw-csqfffmhytdeeajmlxfechdh[.]pages[.]dev","Cloudflare Pages","task","confirmed-main-family","2026-04-21T18:58:00.992000Z","2026-04-21T18:58:00.992000Z","1","observed","high","hecavex-investigation","false","Exact long-family domain; scan observation is not victim telemetry. Verify current provider lifecycle before action."
"domain-0031","domain","hostinger-mail-ewgjnwrkgnkrw-ctutoudhcagjllstdauvecqg[.]pages[.]dev","Cloudflare Pages","task","confirmed-main-family","2026-08-20T08:26:44.431000Z","2026-08-20T08:26:44.431000Z","1","observed","high","hecavex-investigation","false","Exact long-family domain; scan observation is not victim telemetry. Verify current provider lifecycle before action."
"domain-0032","domain","hostinger-mail-ewgjnwrkgnkrw-curhjihecloowwqsvndkrhoy[.]pages[.]dev","Cloudflare Pages","task","confirmed-main-family","2026-06-23T13:18:35.740000Z","2026-06-23T13:18:35.740000Z","1","observed","high","hecavex-investigation","false","Exact long-family domain; scan observation is not victim telemetry. Verify current provider lifecycle before action."
"domain-0033","domain","hostinger-mail-ewgjnwrkgnkrw-czadmjojhepmlxcebzwytgto[.]pages[.]dev","Cloudflare Pages","task","confirmed-main-family","2026-05-12T23:57:01.458000Z","2026-07-10T09:04:16.072000Z","2","observed","high","hecavex-investigation","false","Exact long-family domain; scan observation is not victim telemetry. Verify current provider lifecycle before action."
"domain-0034","domain","hostinger-mail-ewgjnwrkgnkrw-czjlthghltapsztcvtngzhux[.]pages[.]dev","Cloudflare Pages","task","confirmed-main-family","2026-03-25T12:03:49.008000Z","2026-03-25T12:03:49.008000Z","1","observed","high","hecavex-investigation","false","Exact long-family domain; scan observation is not victim telemetry. Verify current provider lifecycle before action."
"domain-0035","domain","hostinger-mail-ewgjnwrkgnkrw-dbeaqbvvbcfmodkkxlcbeiil[.]pages[.]dev","Cloudflare Pages","task","confirmed-main-family","2026-08-20T16:02:20.568000Z","2026-08-20T16:02:20.568000Z","1","observed","high","hecavex-investigation","false","Exact long-family domain; scan observation is not victim telemetry. Verify current provider lifecycle before action."
"domain-0036","domain","hostinger-mail-ewgjnwrkgnkrw-ddubvgagcfjnvfwvoywczeim[.]pages[.]dev","Cloudflare Pages","task","confirmed-main-family","2026-05-22T17:41:19.652000Z","2026-05-22T20:41:22.531000Z","2","observed","high","hecavex-investigation","false","Exact long-family domain; scan observation is not victim telemetry. Verify current provider lifecycle before action."
"domain-0037","domain","hostinger-mail-ewgjnwrkgnkrw-dmryvsdcuzlkauvduwbsahkk[.]pages[.]dev","Cloudflare Pages","task","confirmed-main-family","2026-04-23T10:37:36.380000Z","2026-07-22T18:30:30.299000Z","2","observed","high","hecavex-investigation","false","Exact long-family domain; scan observation is not victim telemetry. Verify current provider lifecycle before action."
"domain-0038","domain","hostinger-mail-ewgjnwrkgnkrw-dnhlywomgmzencvdckffuavw[.]pages[.]dev","Cloudflare Pages","task","confirmed-main-family","2026-05-05T03:13:57.982000Z","2026-05-05T03:13:57.982000Z","1","observed","high","hecavex-investigation","false","Exact long-family domain; scan observation is not victim telemetry. Verify current provider lifecycle before action."
"domain-0039","domain","hostinger-mail-ewgjnwrkgnkrw-dovtfrdocskelfutwlwyerpr[.]pages[.]dev","Cloudflare Pages","task","confirmed-main-family","2026-06-01T23:55:14.725000Z","2026-08-23T06:45:17.447000Z","3","observed","high","hecavex-investigation","false","Exact long-family domain; scan observation is not victim telemetry. Verify current provider lifecycle before action."
"domain-0040","domain","hostinger-mail-ewgjnwrkgnkrw-dppehbgfhzvhaqcrcnkfkkbp[.]pages[.]dev","Cloudflare Pages","final-page;task","confirmed-main-family","2026-04-16T08:56:00.051000Z","2026-04-16T08:56:00.051000Z","1","observed","high","hecavex-investigation","false","Exact long-family domain; scan observation is not victim telemetry. Verify current provider lifecycle before action."
"domain-0041","domain","hostinger-mail-ewgjnwrkgnkrw-dqdyrwobwpyjvxmjtwehmidr[.]pages[.]dev","Cloudflare Pages","task","confirmed-main-family","2026-05-28T21:23:49.888000Z","2026-07-26T07:31:44.509000Z","2","observed","high","hecavex-investigation","false","Exact long-family domain; scan observation is not victim telemetry. Verify current provider lifecycle before action."
"domain-0042","domain","hostinger-mail-ewgjnwrkgnkrw-drmdyosqmomhrjynykrmooem[.]pages[.]dev","Cloudflare Pages","task","confirmed-main-family","2026-04-28T06:34:53.901000Z","2026-04-28T19:31:28.621000Z","2","observed","high","hecavex-investigation","false","Exact long-family domain; scan observation is not victim telemetry. Verify current provider lifecycle before action."
"domain-0043","domain","hostinger-mail-ewgjnwrkgnkrw-dvydxhrqfanhrnxwavntfvme[.]pages[.]dev","Cloudflare Pages","task","confirmed-main-family","2026-08-13T11:15:45.748000Z","2026-08-13T11:15:45.748000Z","1","observed","high","hecavex-investigation","false","Exact long-family domain; scan observation is not victim telemetry. Verify current provider lifecycle before action."
"domain-0044","domain","hostinger-mail-ewgjnwrkgnkrw-dxnoknxxcaikibzbunjqwjyi[.]pages[.]dev","Cloudflare Pages","task","confirmed-main-family","2026-07-22T08:23:39.083000Z","2026-08-19T15:15:07.282000Z","2","observed","high","hecavex-investigation","false","Exact long-family domain; scan observation is not victim telemetry. Verify current provider lifecycle before action."
"domain-0045","domain","hostinger-mail-ewgjnwrkgnkrw-dyxkumqzgxrscfvyvfzsicwh[.]pages[.]dev","Cloudflare Pages","task","confirmed-main-family","2026-06-21T10:02:49.506000Z","2026-06-21T10:02:49.506000Z","1","observed","high","hecavex-investigation","false","Exact long-family domain; scan observation is not victim telemetry. Verify current provider lifecycle before action."
"domain-0046","domain","hostinger-mail-ewgjnwrkgnkrw-edvbgwyoemraxltltbbklomx[.]pages[.]dev","Cloudflare Pages","final-page;task","confirmed-main-family","2026-05-25T09:23:02.628000Z","2026-07-23T16:56:42.856000Z","2","observed","high","hecavex-investigation","false","Exact long-family domain; scan observation is not victim telemetry. Verify current provider lifecycle before action."
"domain-0047","domain","hostinger-mail-ewgjnwrkgnkrw-efstgtpyozkagxecvyfrysqi[.]pages[.]dev","Cloudflare Pages","task","confirmed-main-family","2026-06-03T05:49:39.466000Z","2026-06-03T05:49:39.466000Z","1","observed","high","hecavex-investigation","false","Exact long-family domain; scan observation is not victim telemetry. Verify current provider lifecycle before action."
"domain-0048","domain","hostinger-mail-ewgjnwrkgnkrw-efvfktiqqbgyuuisuhchnekq[.]pages[.]dev","Cloudflare Pages","task","confirmed-main-family","2026-06-20T16:36:32.506000Z","2026-06-20T16:36:32.506000Z","1","observed","high","hecavex-investigation","false","Exact long-family domain; scan observation is not victim telemetry. Verify current provider lifecycle before action."
"domain-0049","domain","hostinger-mail-ewgjnwrkgnkrw-ehhbmmcytsvpddxhvlkpwizm[.]pages[.]dev","Cloudflare Pages","task","confirmed-main-family","2026-06-03T22:34:11.996000Z","2026-06-03T22:34:11.996000Z","1","observed","high","hecavex-investigation","false","Exact long-family domain; scan observation is not victim telemetry. Verify current provider lifecycle before action."
"domain-0050","domain","hostinger-mail-ewgjnwrkgnkrw-eissglmlosasdghozujmlrhl[.]pages[.]dev","Cloudflare Pages","task","confirmed-main-family","2026-06-05T18:32:50.864000Z","2026-06-05T18:32:50.864000Z","1","observed","high","hecavex-investigation","false","Exact long-family domain; scan observation is not victim telemetry. Verify current provider lifecycle before action."
"domain-0051","domain","hostinger-mail-ewgjnwrkgnkrw-ejlauqxcbbugosxxhtlhzcuy[.]pages[.]dev","Cloudflare Pages","task","confirmed-main-family","2026-05-04T18:09:14.801000Z","2026-07-02T05:37:37.239000Z","2","observed","high","hecavex-investigation","false","Exact long-family domain; scan observation is not victim telemetry. Verify current provider lifecycle before action."
"domain-0052","domain","hostinger-mail-ewgjnwrkgnkrw-ekeqidfkcdckiiypaagdknvw[.]pages[.]dev","Cloudflare Pages","task","confirmed-main-family","2026-04-23T15:40:59.791000Z","2026-04-24T00:30:32.314000Z","2","observed","high","hecavex-investigation","false","Exact long-family domain; scan observation is not victim telemetry. Verify current provider lifecycle before action."
"domain-0053","domain","hostinger-mail-ewgjnwrkgnkrw-elzraeukgrsdvvzvvhshpylz[.]pages[.]dev","Cloudflare Pages","final-page;task","confirmed-main-family","2026-04-16T08:21:56.960000Z","2026-04-16T08:21:56.960000Z","1","observed","high","hecavex-investigation","false","Exact long-family domain; scan observation is not victim telemetry. Verify current provider lifecycle before action."
"domain-0054","domain","hostinger-mail-ewgjnwrkgnkrw-euipcxndvpcspthvtxyxxtix[.]pages[.]dev","Cloudflare Pages","task","confirmed-main-family","2026-05-26T05:48:27.160000Z","2026-05-26T12:28:36.792000Z","2","observed","high","hecavex-investigation","false","Exact long-family domain; scan observation is not victim telemetry. Verify current provider lifecycle before action."
"domain-0055","domain","hostinger-mail-ewgjnwrkgnkrw-euyidnsqlhmvrmjbphmwynlp[.]pages[.]dev","Cloudflare Pages","task","confirmed-main-family","2026-06-27T05:48:23.096000Z","2026-06-27T05:59:43.775000Z","2","observed","high","hecavex-investigation","false","Exact long-family domain; scan observation is not victim telemetry. Verify current provider lifecycle before action."
"domain-0056","domain","hostinger-mail-ewgjnwrkgnkrw-evlfsvwdlvyrddrzmppxbwxk[.]pages[.]dev","Cloudflare Pages","final-page;task","confirmed-main-family","2026-04-23T20:00:10.424000Z","2026-04-23T20:00:10.424000Z","1","observed","high","hecavex-investigation","false","Exact long-family domain; scan observation is not victim telemetry. Verify current provider lifecycle before action."
"domain-0057","domain","hostinger-mail-ewgjnwrkgnkrw-ewapuiwcpbtknuzzdexlstuv[.]pages[.]dev","Cloudflare Pages","task","confirmed-main-family","2026-07-13T13:08:19.995000Z","2026-07-13T13:08:19.995000Z","1","observed","high","hecavex-investigation","false","Exact long-family domain; scan observation is not victim telemetry. Verify current provider lifecycle before action."
"domain-0058","domain","hostinger-mail-ewgjnwrkgnkrw-eylahnnahawukbrjybyhdknn[.]pages[.]dev","Cloudflare Pages","task","confirmed-main-family","2026-05-07T11:37:56.871000Z","2026-07-05T08:20:53.837000Z","2","observed","high","hecavex-investigation","false","Exact long-family domain; scan observation is not victim telemetry. Verify current provider lifecycle before action."
"domain-0059","domain","hostinger-mail-ewgjnwrkgnkrw-ezdyrtbqigpcumdsgxwytnut[.]pages[.]dev","Cloudflare Pages","task","confirmed-main-family","2026-06-11T14:56:49.591000Z","2026-06-11T14:56:49.591000Z","1","observed","high","hecavex-investigation","false","Exact long-family domain; scan observation is not victim telemetry. Verify current provider lifecycle before action."
"domain-0060","domain","hostinger-mail-ewgjnwrkgnkrw-ezpcspvtfueuexdrisovdkrb[.]pages[.]dev","Cloudflare Pages","task","confirmed-main-family","2026-07-02T04:55:29.243000Z","2026-07-02T05:39:24.272000Z","2","observed","high","hecavex-investigation","false","Exact long-family domain; scan observation is not victim telemetry. Verify current provider lifecycle before action."
"domain-0061","domain","hostinger-mail-ewgjnwrkgnkrw-faqeopvkhyqbycvnkytnyqxp[.]pages[.]dev","Cloudflare Pages","task","confirmed-main-family","2026-06-04T09:26:05.407000Z","2026-06-17T20:34:37.157000Z","3","observed","high","hecavex-investigation","false","Exact long-family domain; scan observation is not victim telemetry. Verify current provider lifecycle before action."
"domain-0062","domain","hostinger-mail-ewgjnwrkgnkrw-fbrkinubjuesyrqylngiuioo[.]pages[.]dev","Cloudflare Pages","final-page;task","confirmed-main-family","2026-04-13T08:39:24.765000Z","2026-04-13T08:51:50.893000Z","2","observed","high","hecavex-investigation","false","Exact long-family domain; scan observation is not victim telemetry. Verify current provider lifecycle before action."
"domain-0063","domain","hostinger-mail-ewgjnwrkgnkrw-flddahmxjzeyekhvpqblfdvn[.]pages[.]dev","Cloudflare Pages","task","confirmed-main-family","2026-06-01T06:17:38.966000Z","2026-07-30T07:50:50.362000Z","2","observed","high","hecavex-investigation","false","Exact long-family domain; scan observation is not victim telemetry. Verify current provider lifecycle before action."
"domain-0064","domain","hostinger-mail-ewgjnwrkgnkrw-foqmbchnhfmbhcipnpihioph[.]pages[.]dev","Cloudflare Pages","task","confirmed-main-family","2026-06-04T11:36:27.056000Z","2026-08-10T10:12:25.653000Z","4","observed","high","hecavex-investigation","false","Exact long-family domain; scan observation is not victim telemetry. Verify current provider lifecycle before action."
"domain-0065","domain","hostinger-mail-ewgjnwrkgnkrw-frrgmxqtnsgueashgyazqlif[.]pages[.]dev","Cloudflare Pages","task","confirmed-main-family","2026-05-06T04:02:21.561000Z","2026-05-06T04:02:21.561000Z","1","observed","high","hecavex-investigation","false","Exact long-family domain; scan observation is not victim telemetry. Verify current provider lifecycle before action."
"domain-0066","domain","hostinger-mail-ewgjnwrkgnkrw-fwsqopfoncmemqzaelmtbhgl[.]pages[.]dev","Cloudflare Pages","final-page;task","confirmed-main-family","2026-04-21T10:03:41.857000Z","2026-05-08T21:54:10.193000Z","2","observed","high","hecavex-investigation","false","Exact long-family domain; scan observation is not victim telemetry. Verify current provider lifecycle before action."
"domain-0067","domain","hostinger-mail-ewgjnwrkgnkrw-fxzekkwxyuqupkhwedusqjhv[.]pages[.]dev","Cloudflare Pages","task","confirmed-main-family","2026-07-04T10:28:53.554000Z","2026-07-04T10:30:09.700000Z","2","observed","high","hecavex-investigation","false","Exact long-family domain; scan observation is not victim telemetry. Verify current provider lifecycle before action."
"domain-0068","domain","hostinger-mail-ewgjnwrkgnkrw-gaubcvgcgljripeakxnwwizr[.]pages[.]dev","Cloudflare Pages","task","confirmed-main-family","2026-07-18T03:15:03.564000Z","2026-07-18T03:15:03.564000Z","1","observed","high","hecavex-investigation","false","Exact long-family domain; scan observation is not victim telemetry. Verify current provider lifecycle before action."
"domain-0069","domain","hostinger-mail-ewgjnwrkgnkrw-geanwvtowolpdqgxnaenbkkf[.]pages[.]dev","Cloudflare Pages","final-page;task","confirmed-main-family","2026-04-16T10:16:02.324000Z","2026-04-16T10:16:02.324000Z","1","observed","high","hecavex-investigation","false","Exact long-family domain; scan observation is not victim telemetry. Verify current provider lifecycle before action."
"domain-0070","domain","hostinger-mail-ewgjnwrkgnkrw-gebiyucqjoxopgbkdxzsilms[.]pages[.]dev","Cloudflare Pages","final-page;task","confirmed-main-family","2026-04-08T09:30:48.339000Z","2026-04-08T09:30:48.339000Z","1","observed","high","hecavex-investigation","false","Exact long-family domain; scan observation is not victim telemetry. Verify current provider lifecycle before action."
"domain-0071","domain","hostinger-mail-ewgjnwrkgnkrw-gemhwpeityzqyzdljkbhazwx[.]pages[.]dev","Cloudflare Pages","task","confirmed-main-family","2026-04-29T15:35:54.280000Z","2026-06-28T14:11:32.167000Z","2","observed","high","hecavex-investigation","false","Exact long-family domain; scan observation is not victim telemetry. Verify current provider lifecycle before action."
"domain-0072","domain","hostinger-mail-ewgjnwrkgnkrw-gfsjztgijkxfhvhnaifaunjy[.]pages[.]dev","Cloudflare Pages","task","confirmed-main-family","2026-08-20T06:45:03.590000Z","2026-08-20T06:45:03.590000Z","1","observed","high","hecavex-investigation","false","Exact long-family domain; scan observation is not victim telemetry. Verify current provider lifecycle before action."
"domain-0073","domain","hostinger-mail-ewgjnwrkgnkrw-gjqvcxnmqnvoljaqdqlphdtk[.]pages[.]dev","Cloudflare Pages","final-page;task","confirmed-main-family","2026-04-09T09:07:57.806000Z","2026-04-09T09:07:57.806000Z","1","observed","high","hecavex-investigation","false","Exact long-family domain; scan observation is not victim telemetry. Verify current provider lifecycle before action."
"domain-0074","domain","hostinger-mail-ewgjnwrkgnkrw-gqaupqwrhpymeqsmbrkhguzj[.]pages[.]dev","Cloudflare Pages","task","confirmed-main-family","2026-05-29T09:27:45.775000Z","2026-07-27T06:48:38.853000Z","2","observed","high","hecavex-investigation","false","Exact long-family domain; scan observation is not victim telemetry. Verify current provider lifecycle before action."
"domain-0075","domain","hostinger-mail-ewgjnwrkgnkrw-gqitbkozzxrklsymgsalbbsx[.]pages[.]dev","Cloudflare Pages","final-page;task","confirmed-main-family","2026-04-06T16:17:54.753000Z","2026-04-08T11:48:25.771000Z","2","observed","high","hecavex-investigation","false","Exact long-family domain; scan observation is not victim telemetry. Verify current provider lifecycle before action."
"domain-0076","domain","hostinger-mail-ewgjnwrkgnkrw-grigpkudjvrgxxhjdvnbygjz[.]pages[.]dev","Cloudflare Pages","task","confirmed-main-family","2026-05-24T01:05:48.890000Z","2026-05-24T05:30:37.025000Z","2","observed","high","hecavex-investigation","false","Exact long-family domain; scan observation is not victim telemetry. Verify current provider lifecycle before action."
"domain-0077","domain","hostinger-mail-ewgjnwrkgnkrw-gsyegaqshjkquinojciqicys[.]pages[.]dev","Cloudflare Pages","task","confirmed-main-family","2026-06-25T10:16:26.161000Z","2026-06-25T10:21:49.163000Z","2","observed","high","hecavex-investigation","false","Exact long-family domain; scan observation is not victim telemetry. Verify current provider lifecycle before action."
"domain-0078","domain","hostinger-mail-ewgjnwrkgnkrw-gvgxlxtbgupglohvdtjxcpas[.]pages[.]dev","Cloudflare Pages","final-page;task","confirmed-main-family","2026-05-03T12:26:11.295000Z","2026-05-03T12:26:11.295000Z","1","observed","high","hecavex-investigation","false","Exact long-family domain; scan observation is not victim telemetry. Verify current provider lifecycle before action."
"domain-0079","domain","hostinger-mail-ewgjnwrkgnkrw-gvsntitbdqnaviyobkpbjefz[.]pages[.]dev","Cloudflare Pages","task","confirmed-main-family","2026-06-22T20:03:34.241000Z","2026-08-21T15:24:53.527000Z","3","observed","high","hecavex-investigation","false","Exact long-family domain; scan observation is not victim telemetry. Verify current provider lifecycle before action."
"domain-0080","domain","hostinger-mail-ewgjnwrkgnkrw-gyxvfyffquuiipbkkarsoucn[.]pages[.]dev","Cloudflare Pages","task","confirmed-main-family","2026-05-14T18:01:02.771000Z","2026-05-14T18:46:43.779000Z","2","observed","high","hecavex-investigation","false","Exact long-family domain; scan observation is not victim telemetry. Verify current provider lifecycle before action."
"domain-0081","domain","hostinger-mail-ewgjnwrkgnkrw-harfjvyupdtgyfazaiqunxqj[.]pages[.]dev","Cloudflare Pages","task","confirmed-main-family","2026-05-22T04:18:07.250000Z","2026-07-20T03:14:08.869000Z","2","observed","high","hecavex-investigation","false","Exact long-family domain; scan observation is not victim telemetry. Verify current provider lifecycle before action."
"domain-0082","domain","hostinger-mail-ewgjnwrkgnkrw-heacayjqrqoieeurcmblrhqg[.]pages[.]dev","Cloudflare Pages","task","confirmed-main-family","2026-05-08T16:52:06.504000Z","2026-07-05T14:45:00.185000Z","2","observed","high","hecavex-investigation","false","Exact long-family domain; scan observation is not victim telemetry. Verify current provider lifecycle before action."
"domain-0083","domain","hostinger-mail-ewgjnwrkgnkrw-hmnvbtxxzijrenmsibcvacph[.]pages[.]dev","Cloudflare Pages","task","confirmed-main-family","2026-07-25T00:41:48.461000Z","2026-07-25T00:41:48.461000Z","1","observed","high","hecavex-investigation","false","Exact long-family domain; scan observation is not victim telemetry. Verify current provider lifecycle before action."
"domain-0084","domain","hostinger-mail-ewgjnwrkgnkrw-hnmbdibestuodixpnrtsxfpt[.]pages[.]dev","Cloudflare Pages","task","confirmed-main-family","2026-04-22T10:21:44.132000Z","2026-04-22T19:33:35.443000Z","2","observed","high","hecavex-investigation","false","Exact long-family domain; scan observation is not victim telemetry. Verify current provider lifecycle before action."
"domain-0085","domain","hostinger-mail-ewgjnwrkgnkrw-hqdinlwyeozrtamjgdkmvedh[.]pages[.]dev","Cloudflare Pages","task","confirmed-main-family","2026-05-04T12:03:57.054000Z","2026-05-04T12:03:57.054000Z","1","observed","high","hecavex-investigation","false","Exact long-family domain; scan observation is not victim telemetry. Verify current provider lifecycle before action."
"domain-0086","domain","hostinger-mail-ewgjnwrkgnkrw-hqvpumujfcamprgqzjxqbzgz[.]pages[.]dev","Cloudflare Pages","task","confirmed-main-family","2026-08-13T22:46:30.597000Z","2026-08-14T13:13:18.259000Z","2","observed","high","hecavex-investigation","false","Exact long-family domain; scan observation is not victim telemetry. Verify current provider lifecycle before action."
"domain-0087","domain","hostinger-mail-ewgjnwrkgnkrw-hveczahoxhyznxtgtbjvswlk[.]pages[.]dev","Cloudflare Pages","final-page;task","confirmed-main-family","2026-05-07T19:39:11.595000Z","2026-07-05T13:24:20.228000Z","3","observed","high","hecavex-investigation","false","Exact long-family domain; scan observation is not victim telemetry. Verify current provider lifecycle before action."
"domain-0088","domain","hostinger-mail-ewgjnwrkgnkrw-hwfnjcsxwjodkmivpkhyqofo[.]pages[.]dev","Cloudflare Pages","task","confirmed-main-family","2026-05-11T06:29:04.637000Z","2026-05-11T06:29:04.637000Z","1","observed","high","hecavex-investigation","false","Exact long-family domain; scan observation is not victim telemetry. Verify current provider lifecycle before action."
"domain-0089","domain","hostinger-mail-ewgjnwrkgnkrw-hxhfvdijgcmyljteizqlzigx[.]pages[.]dev","Cloudflare Pages","final-page;task","confirmed-main-family","2026-04-17T10:21:55.359000Z","2026-07-31T12:26:18.469000Z","3","observed","high","hecavex-investigation","false","Exact long-family domain; scan observation is not victim telemetry. Verify current provider lifecycle before action."
"domain-0090","domain","hostinger-mail-ewgjnwrkgnkrw-hxlrbwmikroutnjyqwzidolv[.]pages[.]dev","Cloudflare Pages","task","confirmed-main-family","2026-04-22T01:02:58.815000Z","2026-04-22T04:48:13.036000Z","2","observed","high","hecavex-investigation","false","Exact long-family domain; scan observation is not victim telemetry. Verify current provider lifecycle before action."
"domain-0091","domain","hostinger-mail-ewgjnwrkgnkrw-hzvwfklliatjjxofaimyxnug[.]pages[.]dev","Cloudflare Pages","task","confirmed-main-family","2026-05-06T08:26:21.142000Z","2026-07-04T12:35:25.585000Z","2","observed","high","hecavex-investigation","false","Exact long-family domain; scan observation is not victim telemetry. Verify current provider lifecycle before action."
"domain-0092","domain","hostinger-mail-ewgjnwrkgnkrw-iaxdpnztizfuyeiptugvgkjq[.]pages[.]dev","Cloudflare Pages","task","confirmed-main-family","2026-05-12T14:21:59.180000Z","2026-07-23T02:55:49.101000Z","2","observed","high","hecavex-investigation","false","Exact long-family domain; scan observation is not victim telemetry. Verify current provider lifecycle before action."
"domain-0093","domain","hostinger-mail-ewgjnwrkgnkrw-ibzbdrilpbudogemzuzwpboq[.]pages[.]dev","Cloudflare Pages","task","confirmed-main-family","2026-04-28T06:44:30.343000Z","2026-06-26T08:01:47.821000Z","2","observed","high","hecavex-investigation","false","Exact long-family domain; scan observation is not victim telemetry. Verify current provider lifecycle before action."
"domain-0094","domain","hostinger-mail-ewgjnwrkgnkrw-icaazcurrpgvccmtuiifuqfc[.]pages[.]dev","Cloudflare Pages","task","confirmed-main-family","2026-06-26T17:26:56.669000Z","2026-06-27T03:39:08.058000Z","2","observed","high","hecavex-investigation","false","Exact long-family domain; scan observation is not victim telemetry. Verify current provider lifecycle before action."
"domain-0095","domain","hostinger-mail-ewgjnwrkgnkrw-ieomxlcmngangibxzebccrsy[.]pages[.]dev","Cloudflare Pages","task","confirmed-main-family","2026-06-24T12:30:19.535000Z","2026-08-23T16:35:59.193000Z","2","observed","high","hecavex-investigation","false","Exact long-family domain; scan observation is not victim telemetry. Verify current provider lifecycle before action."
"domain-0096","domain","hostinger-mail-ewgjnwrkgnkrw-ifsqezkvbvuvpernfqaorwgp[.]pages[.]dev","Cloudflare Pages","final-page;task","confirmed-main-family","2026-04-16T18:23:15.508000Z","2026-04-16T18:23:15.508000Z","1","observed","high","hecavex-investigation","false","Exact long-family domain; scan observation is not victim telemetry. Verify current provider lifecycle before action."
"domain-0097","domain","hostinger-mail-ewgjnwrkgnkrw-igszegxqjssdkcehndgymtxv[.]pages[.]dev","Cloudflare Pages","task","confirmed-main-family","2026-05-11T04:55:55.051000Z","2026-05-11T04:55:55.051000Z","1","observed","high","hecavex-investigation","false","Exact long-family domain; scan observation is not victim telemetry. Verify current provider lifecycle before action."
"domain-0098","domain","hostinger-mail-ewgjnwrkgnkrw-igthuuopwnphyuitxsnqmown[.]pages[.]dev","Cloudflare Pages","final-page;task","confirmed-main-family","2026-06-29T13:17:07.072000Z","2026-06-29T13:24:04.569000Z","2","observed","high","hecavex-investigation","false","Exact long-family domain; scan observation is not victim telemetry. Verify current provider lifecycle before action."
"domain-0099","domain","hostinger-mail-ewgjnwrkgnkrw-iirmrmkmxjnpwceekaxknpkx[.]pages[.]dev","Cloudflare Pages","task","confirmed-main-family","2026-07-10T00:35:48.785000Z","2026-07-10T00:36:46.810000Z","2","observed","high","hecavex-investigation","false","Exact long-family domain; scan observation is not victim telemetry. Verify current provider lifecycle before action."
"domain-0100","domain","hostinger-mail-ewgjnwrkgnkrw-ilbwdwfkdmpncxwxzxcgagzb[.]pages[.]dev","Cloudflare Pages","task","confirmed-main-family","2026-08-14T08:11:05.925000Z","2026-08-14T23:05:45.904000Z","2","observed","high","hecavex-investigation","false","Exact long-family domain; scan observation is not victim telemetry. Verify current provider lifecycle before action."
"domain-0101","domain","hostinger-mail-ewgjnwrkgnkrw-ilhccgponpuokmytvetgdksb[.]pages[.]dev","Cloudflare Pages","task","confirmed-main-family","2026-07-10T03:29:54.873000Z","2026-07-10T03:43:30.461000Z","2","observed","high","hecavex-investigation","false","Exact long-family domain; scan observation is not victim telemetry. Verify current provider lifecycle before action."
"domain-0102","domain","hostinger-mail-ewgjnwrkgnkrw-inawjynkxqcczsvezihzuaqw[.]pages[.]dev","Cloudflare Pages","final-page;task","confirmed-main-family","2026-04-16T20:44:53.918000Z","2026-04-16T20:44:53.918000Z","1","observed","high","hecavex-investigation","false","Exact long-family domain; scan observation is not victim telemetry. Verify current provider lifecycle before action."
"domain-0103","domain","hostinger-mail-ewgjnwrkgnkrw-inudwwvzhmkntyepkjrtexri[.]pages[.]dev","Cloudflare Pages","task","confirmed-main-family","2026-05-15T04:23:53.719000Z","2026-05-15T09:29:18.708000Z","2","observed","high","hecavex-investigation","false","Exact long-family domain; scan observation is not victim telemetry. Verify current provider lifecycle before action."
"domain-0104","domain","hostinger-mail-ewgjnwrkgnkrw-ioupnpgfrdzszboshvguqsro[.]pages[.]dev","Cloudflare Pages","task","confirmed-main-family","2026-06-26T10:50:33.227000Z","2026-06-27T22:14:58.080000Z","3","observed","high","hecavex-investigation","false","Exact long-family domain; scan observation is not victim telemetry. Verify current provider lifecycle before action."
"domain-0105","domain","hostinger-mail-ewgjnwrkgnkrw-iydfdbwiaahbwsnzvgpjubhz[.]pages[.]dev","Cloudflare Pages","task","confirmed-main-family","2026-06-03T11:14:07.246000Z","2026-06-04T06:51:17.764000Z","2","observed","high","hecavex-investigation","false","Exact long-family domain; scan observation is not victim telemetry. Verify current provider lifecycle before action."
"domain-0106","domain","hostinger-mail-ewgjnwrkgnkrw-izfatthayqqqqgsioctpisxp[.]pages[.]dev","Cloudflare Pages","task","confirmed-main-family","2026-06-23T03:50:35.224000Z","2026-06-23T18:34:00.677000Z","2","observed","high","hecavex-investigation","false","Exact long-family domain; scan observation is not victim telemetry. Verify current provider lifecycle before action."
"domain-0107","domain","hostinger-mail-ewgjnwrkgnkrw-jbpabjsypflnuqhogwhwnbac[.]pages[.]dev","Cloudflare Pages","final-page;task","confirmed-main-family","2026-05-12T05:40:53.733000Z","2026-05-12T18:22:57.136000Z","2","observed","high","hecavex-investigation","false","Exact long-family domain; scan observation is not victim telemetry. Verify current provider lifecycle before action."
"domain-0108","domain","hostinger-mail-ewgjnwrkgnkrw-jcamcdghxzpvsafsccaqaniq[.]pages[.]dev","Cloudflare Pages","task","confirmed-main-family","2026-07-03T11:54:23.074000Z","2026-07-03T17:58:12.755000Z","2","observed","high","hecavex-investigation","false","Exact long-family domain; scan observation is not victim telemetry. Verify current provider lifecycle before action."
"domain-0109","domain","hostinger-mail-ewgjnwrkgnkrw-jcnpttowhlsebsochbalrbiu[.]pages[.]dev","Cloudflare Pages","final-page;task","confirmed-main-family","2026-04-06T05:22:47.018000Z","2026-04-16T05:59:51.043000Z","2","observed","high","hecavex-investigation","false","Exact long-family domain; scan observation is not victim telemetry. Verify current provider lifecycle before action."
"domain-0110","domain","hostinger-mail-ewgjnwrkgnkrw-jemnyqmtpjaejbjhlgawhujs[.]pages[.]dev","Cloudflare Pages","task","confirmed-main-family","2026-04-27T10:06:10.748000Z","2026-04-27T10:06:10.748000Z","1","observed","high","hecavex-investigation","false","Exact long-family domain; scan observation is not victim telemetry. Verify current provider lifecycle before action."
"domain-0111","domain","hostinger-mail-ewgjnwrkgnkrw-jfumjjuuwgboysylaabzboab[.]pages[.]dev","Cloudflare Pages","final-page;task","confirmed-main-family","2026-04-16T17:01:47.557000Z","2026-04-16T17:01:47.557000Z","1","observed","high","hecavex-investigation","false","Exact long-family domain; scan observation is not victim telemetry. Verify current provider lifecycle before action."
"domain-0112","domain","hostinger-mail-ewgjnwrkgnkrw-jggvibvjymeuunnuocrdgoqw[.]pages[.]dev","Cloudflare Pages","task","confirmed-main-family","2026-06-17T11:52:45.473000Z","2026-08-15T13:44:20.993000Z","2","observed","high","hecavex-investigation","false","Exact long-family domain; scan observation is not victim telemetry. Verify current provider lifecycle before action."
"domain-0113","domain","hostinger-mail-ewgjnwrkgnkrw-jgrwmbpgqiroevgirnaokbly[.]pages[.]dev","Cloudflare Pages","task","confirmed-main-family","2026-06-23T03:55:45.842000Z","2026-08-22T02:55:58.339000Z","2","observed","high","hecavex-investigation","false","Exact long-family domain; scan observation is not victim telemetry. Verify current provider lifecycle before action."
"domain-0114","domain","hostinger-mail-ewgjnwrkgnkrw-jjaviilxiizchquqoirpfyyr[.]pages[.]dev","Cloudflare Pages","task","confirmed-main-family","2026-04-21T12:00:47.982000Z","2026-04-21T12:00:47.982000Z","1","observed","high","hecavex-investigation","false","Exact long-family domain; scan observation is not victim telemetry. Verify current provider lifecycle before action."
"domain-0115","domain","hostinger-mail-ewgjnwrkgnkrw-jlaiyqktsohnsplkfndeohar[.]pages[.]dev","Cloudflare Pages","task","confirmed-main-family","2026-05-07T11:50:48.347000Z","2026-07-13T00:44:43.923000Z","4","observed","high","hecavex-investigation","false","Exact long-family domain; scan observation is not victim telemetry. Verify current provider lifecycle before action."
"domain-0116","domain","hostinger-mail-ewgjnwrkgnkrw-jqdctrojdxknzyftrwrfqiog[.]pages[.]dev","Cloudflare Pages","task","confirmed-main-family","2026-08-13T07:00:15.537000Z","2026-08-13T07:00:15.537000Z","1","observed","high","hecavex-investigation","false","Exact long-family domain; scan observation is not victim telemetry. Verify current provider lifecycle before action."
"domain-0117","domain","hostinger-mail-ewgjnwrkgnkrw-jqmsrfxjopzgmpiirjvzscez[.]pages[.]dev","Cloudflare Pages","task","confirmed-main-family","2026-06-07T04:37:16.866000Z","2026-08-14T15:38:36.844000Z","2","observed","high","hecavex-investigation","false","Exact long-family domain; scan observation is not victim telemetry. Verify current provider lifecycle before action."
"domain-0118","domain","hostinger-mail-ewgjnwrkgnkrw-jsitjopkllityqulptpdbkvs[.]pages[.]dev","Cloudflare Pages","task","confirmed-main-family","2026-04-22T17:41:49.632000Z","2026-07-24T08:13:07.279000Z","2","observed","high","hecavex-investigation","false","Exact long-family domain; scan observation is not victim telemetry. Verify current provider lifecycle before action."
"domain-0119","domain","hostinger-mail-ewgjnwrkgnkrw-jveddcnrhjzajmufsmxawbdm[.]pages[.]dev","Cloudflare Pages","task","confirmed-main-family","2026-06-29T20:36:01.390000Z","2026-06-30T03:12:46.928000Z","2","observed","high","hecavex-investigation","false","Exact long-family domain; scan observation is not victim telemetry. Verify current provider lifecycle before action."
"domain-0120","domain","hostinger-mail-ewgjnwrkgnkrw-kdbtutcjysbtdwylrlwpnodk[.]pages[.]dev","Cloudflare Pages","task","confirmed-main-family","2026-05-18T23:08:01.604000Z","2026-06-23T17:13:43.702000Z","2","observed","high","hecavex-investigation","false","Exact long-family domain; scan observation is not victim telemetry. Verify current provider lifecycle before action."
"domain-0121","domain","hostinger-mail-ewgjnwrkgnkrw-kfktngvebaknwqbjmltcbmrn[.]pages[.]dev","Cloudflare Pages","final-page;task","confirmed-main-family","2026-06-16T04:05:01.459000Z","2026-06-16T04:05:01.459000Z","1","observed","high","hecavex-investigation","false","Exact long-family domain; scan observation is not victim telemetry. Verify current provider lifecycle before action."
"domain-0122","domain","hostinger-mail-ewgjnwrkgnkrw-khhbrgtcginzltmykcpeoaxs[.]pages[.]dev","Cloudflare Pages","final-page;task","confirmed-main-family","2026-05-01T11:17:49.462000Z","2026-06-29T15:29:56.728000Z","2","observed","high","hecavex-investigation","false","Exact long-family domain; scan observation is not victim telemetry. Verify current provider lifecycle before action."
"domain-0123","domain","hostinger-mail-ewgjnwrkgnkrw-khrucpcpxqzjsdpurdtgvnjm[.]pages[.]dev","Cloudflare Pages","final-page;task","confirmed-main-family","2026-06-20T05:17:32.440000Z","2026-08-17T19:18:06.940000Z","5","observed","high","hecavex-investigation","false","Exact long-family domain; scan observation is not victim telemetry. Verify current provider lifecycle before action."
"domain-0124","domain","hostinger-mail-ewgjnwrkgnkrw-knpzuyfbwswjhevndsjpaipr[.]pages[.]dev","Cloudflare Pages","task","confirmed-main-family","2026-05-27T20:14:25.874000Z","2026-07-26T09:05:34.920000Z","3","observed","high","hecavex-investigation","false","Exact long-family domain; scan observation is not victim telemetry. Verify current provider lifecycle before action."
"domain-0125","domain","hostinger-mail-ewgjnwrkgnkrw-kqunagwdnaqwiioriebcfvfb[.]pages[.]dev","Cloudflare Pages","task","confirmed-main-family","2026-05-29T10:19:37.869000Z","2026-05-29T10:19:37.869000Z","1","observed","high","hecavex-investigation","false","Exact long-family domain; scan observation is not victim telemetry. Verify current provider lifecycle before action."
"domain-0126","domain","hostinger-mail-ewgjnwrkgnkrw-kshimbtalznnuqwuxfywhwvz[.]pages[.]dev","Cloudflare Pages","task","confirmed-main-family","2026-05-28T16:48:32.299000Z","2026-07-26T09:00:55.742000Z","4","observed","high","hecavex-investigation","false","Exact long-family domain; scan observation is not victim telemetry. Verify current provider lifecycle before action."
"domain-0127","domain","hostinger-mail-ewgjnwrkgnkrw-kushraaynvzbcapuribgwlok[.]pages[.]dev","Cloudflare Pages","task","confirmed-main-family","2026-05-06T12:26:48.117000Z","2026-07-04T10:33:39.268000Z","2","observed","high","hecavex-investigation","false","Exact long-family domain; scan observation is not victim telemetry. Verify current provider lifecycle before action."
"domain-0128","domain","hostinger-mail-ewgjnwrkgnkrw-kvftyayljmmcwsnssmafodsv[.]pages[.]dev","Cloudflare Pages","task","confirmed-main-family","2026-08-17T07:03:31.457000Z","2026-08-17T07:03:31.457000Z","1","observed","high","hecavex-investigation","false","Exact long-family domain; scan observation is not victim telemetry. Verify current provider lifecycle before action."
"domain-0129","domain","hostinger-mail-ewgjnwrkgnkrw-lbixkrywtloyyjwerlnxmlqa[.]pages[.]dev","Cloudflare Pages","task","confirmed-main-family","2026-04-22T15:47:25.345000Z","2026-06-20T07:54:21.649000Z","2","observed","high","hecavex-investigation","false","Exact long-family domain; scan observation is not victim telemetry. Verify current provider lifecycle before action."
"domain-0130","domain","hostinger-mail-ewgjnwrkgnkrw-lbnqbkjmfgcgxkwwxahruywr[.]pages[.]dev","Cloudflare Pages","task","confirmed-main-family","2026-05-25T05:35:25.066000Z","2026-05-25T05:35:25.066000Z","1","observed","high","hecavex-investigation","false","Exact long-family domain; scan observation is not victim telemetry. Verify current provider lifecycle before action."
"domain-0131","domain","hostinger-mail-ewgjnwrkgnkrw-ldveavkxrrzkglkhkieeunwb[.]pages[.]dev","Cloudflare Pages","task","confirmed-main-family","2026-06-07T07:14:29.813000Z","2026-08-06T07:57:17.425000Z","2","observed","high","hecavex-investigation","false","Exact long-family domain; scan observation is not victim telemetry. Verify current provider lifecycle before action."
"domain-0132","domain","hostinger-mail-ewgjnwrkgnkrw-lgptoushzeunbhkhduxdmjej[.]pages[.]dev","Cloudflare Pages","task","confirmed-main-family","2026-06-19T12:23:06.601000Z","2026-07-07T07:13:01.362000Z","2","observed","high","hecavex-investigation","false","Exact long-family domain; scan observation is not victim telemetry. Verify current provider lifecycle before action."
"domain-0133","domain","hostinger-mail-ewgjnwrkgnkrw-lmiprndmkagtyfogtiypuwdp[.]pages[.]dev","Cloudflare Pages","task","confirmed-main-family","2026-05-16T19:29:13.181000Z","2026-05-16T21:12:43.069000Z","2","observed","high","hecavex-investigation","false","Exact long-family domain; scan observation is not victim telemetry. Verify current provider lifecycle before action."
"domain-0134","domain","hostinger-mail-ewgjnwrkgnkrw-lnbdnnhjpfwjzaazlueaylbl[.]pages[.]dev","Cloudflare Pages","task","confirmed-main-family","2026-06-27T15:10:17.803000Z","2026-06-28T00:28:41.963000Z","2","observed","high","hecavex-investigation","false","Exact long-family domain; scan observation is not victim telemetry. Verify current provider lifecycle before action."
"domain-0135","domain","hostinger-mail-ewgjnwrkgnkrw-lnlmtubjmlrpgihqjzmbmzxo[.]pages[.]dev","Cloudflare Pages","task","confirmed-main-family","2026-06-26T14:54:17.581000Z","2026-06-26T15:55:20.841000Z","2","observed","high","hecavex-investigation","false","Exact long-family domain; scan observation is not victim telemetry. Verify current provider lifecycle before action."
"domain-0136","domain","hostinger-mail-ewgjnwrkgnkrw-lnojrsoalhhtimnyjivblzkb[.]pages[.]dev","Cloudflare Pages","task","confirmed-main-family","2026-07-03T00:36:54.007000Z","2026-07-03T02:12:03.741000Z","2","observed","high","hecavex-investigation","false","Exact long-family domain; scan observation is not victim telemetry. Verify current provider lifecycle before action."
"domain-0137","domain","hostinger-mail-ewgjnwrkgnkrw-lnuaqcffzghwxdzoilxepbli[.]pages[.]dev","Cloudflare Pages","task","confirmed-main-family","2026-08-08T07:57:33.792000Z","2026-08-08T07:57:33.792000Z","1","observed","high","hecavex-investigation","false","Exact long-family domain; scan observation is not victim telemetry. Verify current provider lifecycle before action."
"domain-0138","domain","hostinger-mail-ewgjnwrkgnkrw-lqopubecjkmuveizmnlcgcze[.]pages[.]dev","Cloudflare Pages","final-page;task","confirmed-main-family","2026-04-16T15:59:45.494000Z","2026-08-01T08:44:42.852000Z","2","observed","high","hecavex-investigation","false","Exact long-family domain; scan observation is not victim telemetry. Verify current provider lifecycle before action."
"domain-0139","domain","hostinger-mail-ewgjnwrkgnkrw-lyjhzymdorkpjbqzoynjdahp[.]pages[.]dev","Cloudflare Pages","task","confirmed-main-family","2026-05-01T06:56:28.413000Z","2026-06-29T12:34:10.712000Z","2","observed","high","hecavex-investigation","false","Exact long-family domain; scan observation is not victim telemetry. Verify current provider lifecycle before action."
"domain-0140","domain","hostinger-mail-ewgjnwrkgnkrw-lzrdgyfuvsruqjzfurxnjuml[.]pages[.]dev","Cloudflare Pages","task","confirmed-main-family","2026-05-19T16:30:25.080000Z","2026-05-19T22:36:05.218000Z","2","observed","high","hecavex-investigation","false","Exact long-family domain; scan observation is not victim telemetry. Verify current provider lifecycle before action."
"domain-0141","domain","hostinger-mail-ewgjnwrkgnkrw-mawabtcgchqtmlsrvabsujbk[.]pages[.]dev","Cloudflare Pages","final-page;task","confirmed-main-family","2026-04-16T04:23:20.817000Z","2026-08-21T22:54:41.208000Z","2","observed","high","hecavex-investigation","false","Exact long-family domain; scan observation is not victim telemetry. Verify current provider lifecycle before action."
"domain-0142","domain","hostinger-mail-ewgjnwrkgnkrw-mfwthdmeldtpmyomydutakux[.]pages[.]dev","Cloudflare Pages","task","confirmed-main-family","2026-06-23T01:54:14.921000Z","2026-08-21T19:54:30.575000Z","2","observed","high","hecavex-investigation","false","Exact long-family domain; scan observation is not victim telemetry. Verify current provider lifecycle before action."
"domain-0143","domain","hostinger-mail-ewgjnwrkgnkrw-mgohrfmqcdqerlmjymaytfcj[.]pages[.]dev","Cloudflare Pages","task","confirmed-main-family","2026-05-19T06:41:34.033000Z","2026-07-17T08:47:17.623000Z","2","observed","high","hecavex-investigation","false","Exact long-family domain; scan observation is not victim telemetry. Verify current provider lifecycle before action."
"domain-0144","domain","hostinger-mail-ewgjnwrkgnkrw-miglikekbihcmdvmejmsjrsk[.]pages[.]dev","Cloudflare Pages","final-page;task","confirmed-main-family","2026-04-16T19:51:43.883000Z","2026-04-16T19:51:43.883000Z","1","observed","high","hecavex-investigation","false","Exact long-family domain; scan observation is not victim telemetry. Verify current provider lifecycle before action."
"domain-0145","domain","hostinger-mail-ewgjnwrkgnkrw-mnpgxunnpvxnkmuvadoxjlec[.]pages[.]dev","Cloudflare Pages","task","confirmed-main-family","2026-07-25T17:58:46.472000Z","2026-07-25T17:58:46.472000Z","1","observed","high","hecavex-investigation","false","Exact long-family domain; scan observation is not victim telemetry. Verify current provider lifecycle before action."
"domain-0146","domain","hostinger-mail-ewgjnwrkgnkrw-movqvujzvdqvldtkqttpbcfr[.]pages[.]dev","Cloudflare Pages","final-page;task","confirmed-main-family","2026-04-13T03:56:34.206000Z","2026-04-16T02:32:34.897000Z","2","observed","high","hecavex-investigation","false","Exact long-family domain; scan observation is not victim telemetry. Verify current provider lifecycle before action."
"domain-0147","domain","hostinger-mail-ewgjnwrkgnkrw-mqapdtqrxocqxwwfmfubsblh[.]pages[.]dev","Cloudflare Pages","task","confirmed-main-family","2026-05-27T06:24:21.895000Z","2026-07-25T07:09:57.602000Z","2","observed","high","hecavex-investigation","false","Exact long-family domain; scan observation is not victim telemetry. Verify current provider lifecycle before action."
"domain-0148","domain","hostinger-mail-ewgjnwrkgnkrw-mqzpyzcwhydzufpsixmedcaq[.]pages[.]dev","Cloudflare Pages","task","confirmed-main-family","2026-04-24T11:33:25.704000Z","2026-04-25T06:28:01.802000Z","2","observed","high","hecavex-investigation","false","Exact long-family domain; scan observation is not victim telemetry. Verify current provider lifecycle before action."
"domain-0149","domain","hostinger-mail-ewgjnwrkgnkrw-mztfripnbosfenarqyobfgdv[.]pages[.]dev","Cloudflare Pages","task","confirmed-main-family","2026-08-16T15:48:23.940000Z","2026-08-16T15:48:23.940000Z","1","observed","high","hecavex-investigation","false","Exact long-family domain; scan observation is not victim telemetry. Verify current provider lifecycle before action."
"domain-0150","domain","hostinger-mail-ewgjnwrkgnkrw-naaeknebqwuszyxyiknestig[.]pages[.]dev","Cloudflare Pages","task","confirmed-main-family","2026-06-24T14:32:00.778000Z","2026-06-24T14:41:26.967000Z","2","observed","high","hecavex-investigation","false","Exact long-family domain; scan observation is not victim telemetry. Verify current provider lifecycle before action."
"domain-0151","domain","hostinger-mail-ewgjnwrkgnkrw-nagtaippyrlivhoelallfzto[.]pages[.]dev","Cloudflare Pages","task","confirmed-main-family","2026-04-28T03:02:54.089000Z","2026-06-26T15:13:59.292000Z","2","observed","high","hecavex-investigation","false","Exact long-family domain; scan observation is not victim telemetry. Verify current provider lifecycle before action."
"domain-0152","domain","hostinger-mail-ewgjnwrkgnkrw-natgldkucoshzpkqzwijexzm[.]pages[.]dev","Cloudflare Pages","task","confirmed-main-family","2026-06-16T06:43:32.268000Z","2026-07-31T17:48:23.851000Z","6","observed","high","hecavex-investigation","false","Exact long-family domain; scan observation is not victim telemetry. Verify current provider lifecycle before action."
"domain-0153","domain","hostinger-mail-ewgjnwrkgnkrw-nckraraoyuuzcnafwcqamxdh[.]pages[.]dev","Cloudflare Pages","task","confirmed-main-family","2026-04-21T13:23:07.755000Z","2026-06-19T18:14:52.450000Z","2","observed","high","hecavex-investigation","false","Exact long-family domain; scan observation is not victim telemetry. Verify current provider lifecycle before action."
"domain-0154","domain","hostinger-mail-ewgjnwrkgnkrw-nctqqfxlzutnyunagqpgkgmy[.]pages[.]dev","Cloudflare Pages","task","confirmed-main-family","2026-04-23T07:47:31.492000Z","2026-06-22T02:05:42.967000Z","2","observed","high","hecavex-investigation","false","Exact long-family domain; scan observation is not victim telemetry. Verify current provider lifecycle before action."
"domain-0155","domain","hostinger-mail-ewgjnwrkgnkrw-nekoanupeujaygucduebaghy[.]pages[.]dev","Cloudflare Pages","task","confirmed-main-family","2026-06-04T03:05:27.144000Z","2026-06-04T12:56:44.593000Z","2","observed","high","hecavex-investigation","false","Exact long-family domain; scan observation is not victim telemetry. Verify current provider lifecycle before action."
"domain-0156","domain","hostinger-mail-ewgjnwrkgnkrw-nfcsnmbrufhcdkyeagfkwbff[.]pages[.]dev","Cloudflare Pages","task","confirmed-main-family","2026-07-03T08:15:36.203000Z","2026-07-03T13:09:59.542000Z","2","observed","high","hecavex-investigation","false","Exact long-family domain; scan observation is not victim telemetry. Verify current provider lifecycle before action."
"domain-0157","domain","hostinger-mail-ewgjnwrkgnkrw-njiobvtzvetbzirednnwfrnk[.]pages[.]dev","Cloudflare Pages","task","confirmed-main-family","2026-07-13T07:17:50.382000Z","2026-07-13T07:17:50.382000Z","1","observed","high","hecavex-investigation","false","Exact long-family domain; scan observation is not victim telemetry. Verify current provider lifecycle before action."
"domain-0158","domain","hostinger-mail-ewgjnwrkgnkrw-nlhoqyvcmusagoclobzbzeqx[.]pages[.]dev","Cloudflare Pages","task","confirmed-main-family","2026-08-16T14:22:20.399000Z","2026-08-16T14:22:20.399000Z","1","observed","high","hecavex-investigation","false","Exact long-family domain; scan observation is not victim telemetry. Verify current provider lifecycle before action."
"domain-0159","domain","hostinger-mail-ewgjnwrkgnkrw-nqtwedsjvrzunjweawzkpqzn[.]pages[.]dev","Cloudflare Pages","task","confirmed-main-family","2026-08-18T21:57:17.253000Z","2026-08-18T21:57:17.253000Z","1","observed","high","hecavex-investigation","false","Exact long-family domain; scan observation is not victim telemetry. Verify current provider lifecycle before action."
"domain-0160","domain","hostinger-mail-ewgjnwrkgnkrw-nyvcyqvgjhqvlooigpzelcui[.]pages[.]dev","Cloudflare Pages","task","confirmed-main-family","2026-06-17T17:38:04.750000Z","2026-08-16T11:37:16.836000Z","2","observed","high","hecavex-investigation","false","Exact long-family domain; scan observation is not victim telemetry. Verify current provider lifecycle before action."
"domain-0161","domain","hostinger-mail-ewgjnwrkgnkrw-nznwkjrmxkinrpjhetawensg[.]pages[.]dev","Cloudflare Pages","task","confirmed-main-family","2026-06-16T07:25:54.175000Z","2026-06-23T14:26:35.887000Z","4","observed","high","hecavex-investigation","false","Exact long-family domain; scan observation is not victim telemetry. Verify current provider lifecycle before action."
"domain-0162","domain","hostinger-mail-ewgjnwrkgnkrw-oailidavjckyizukechqlsks[.]pages[.]dev","Cloudflare Pages","task","confirmed-main-family","2026-04-28T23:39:02.844000Z","2026-04-29T00:55:15.525000Z","2","observed","high","hecavex-investigation","false","Exact long-family domain; scan observation is not victim telemetry. Verify current provider lifecycle before action."
"domain-0163","domain","hostinger-mail-ewgjnwrkgnkrw-odnoghnqxeutkrpgqjscjxws[.]pages[.]dev","Cloudflare Pages","task","confirmed-main-family","2026-04-23T22:21:42.858000Z","2026-04-24T00:18:18.445000Z","2","observed","high","hecavex-investigation","false","Exact long-family domain; scan observation is not victim telemetry. Verify current provider lifecycle before action."
"domain-0164","domain","hostinger-mail-ewgjnwrkgnkrw-ofpbdknwdeutnthryifzkaby[.]pages[.]dev","Cloudflare Pages","task","confirmed-main-family","2026-04-24T05:45:27.070000Z","2026-04-24T05:45:27.070000Z","1","observed","high","hecavex-investigation","false","Exact long-family domain; scan observation is not victim telemetry. Verify current provider lifecycle before action."
"domain-0165","domain","hostinger-mail-ewgjnwrkgnkrw-ofqkqvjhkqdocnhhpfgumstc[.]pages[.]dev","Cloudflare Pages","task","confirmed-main-family","2026-05-13T06:45:58.363000Z","2026-07-11T23:53:03.546000Z","2","observed","high","hecavex-investigation","false","Exact long-family domain; scan observation is not victim telemetry. Verify current provider lifecycle before action."
"domain-0166","domain","hostinger-mail-ewgjnwrkgnkrw-ogbngzrsheaoniwpwuewgbgd[.]pages[.]dev","Cloudflare Pages","task","confirmed-main-family","2026-05-18T07:20:45.434000Z","2026-07-28T02:48:01.923000Z","2","observed","high","hecavex-investigation","false","Exact long-family domain; scan observation is not victim telemetry. Verify current provider lifecycle before action."
"domain-0167","domain","hostinger-mail-ewgjnwrkgnkrw-ojynztmtpzlceufeagcdpler[.]pages[.]dev","Cloudflare Pages","task","confirmed-main-family","2026-06-10T21:29:31.568000Z","2026-06-10T21:36:44.618000Z","2","observed","high","hecavex-investigation","false","Exact long-family domain; scan observation is not victim telemetry. Verify current provider lifecycle before action."
"domain-0168","domain","hostinger-mail-ewgjnwrkgnkrw-optnuqgnbdqjyeuwdliaxkxc[.]pages[.]dev","Cloudflare Pages","task","confirmed-main-family","2026-07-03T04:19:08.119000Z","2026-07-03T07:55:51.194000Z","2","observed","high","hecavex-investigation","false","Exact long-family domain; scan observation is not victim telemetry. Verify current provider lifecycle before action."
"domain-0169","domain","hostinger-mail-ewgjnwrkgnkrw-owgeejfaovkwoaqzofnbmash[.]pages[.]dev","Cloudflare Pages","task","confirmed-main-family","2026-06-13T11:23:07.974000Z","2026-06-13T21:40:39.228000Z","2","observed","high","hecavex-investigation","false","Exact long-family domain; scan observation is not victim telemetry. Verify current provider lifecycle before action."
"domain-0170","domain","hostinger-mail-ewgjnwrkgnkrw-owhupbontsbeixgvptekrssf[.]pages[.]dev","Cloudflare Pages","task","confirmed-main-family","2026-04-29T06:17:54.997000Z","2026-04-29T06:17:54.997000Z","1","observed","high","hecavex-investigation","false","Exact long-family domain; scan observation is not victim telemetry. Verify current provider lifecycle before action."
"domain-0171","domain","hostinger-mail-ewgjnwrkgnkrw-owrbipzphklxsegkcpmtyzbv[.]pages[.]dev","Cloudflare Pages","final-page;task","confirmed-main-family","2026-07-04T10:37:19.748000Z","2026-07-04T10:40:27.337000Z","2","observed","high","hecavex-investigation","false","Exact long-family domain; scan observation is not victim telemetry. Verify current provider lifecycle before action."
"domain-0172","domain","hostinger-mail-ewgjnwrkgnkrw-oyaydbavsbutdneewumzjrgd[.]pages[.]dev","Cloudflare Pages","final-page;task","confirmed-main-family","2026-04-26T15:08:34.062000Z","2026-04-26T20:44:33.257000Z","2","observed","high","hecavex-investigation","false","Exact long-family domain; scan observation is not victim telemetry. Verify current provider lifecycle before action."
"domain-0173","domain","hostinger-mail-ewgjnwrkgnkrw-ozvpwkrxpknpezipctqnhyrz[.]pages[.]dev","Cloudflare Pages","task","confirmed-main-family","2026-04-21T05:59:18.487000Z","2026-04-21T05:59:18.487000Z","1","observed","high","hecavex-investigation","false","Exact long-family domain; scan observation is not victim telemetry. Verify current provider lifecycle before action."
"domain-0174","domain","hostinger-mail-ewgjnwrkgnkrw-paclpfczjdzeyymcyuedngyb[.]pages[.]dev","Cloudflare Pages","task","confirmed-main-family","2026-07-20T08:18:13.645000Z","2026-07-20T13:54:14.521000Z","2","observed","high","hecavex-investigation","false","Exact long-family domain; scan observation is not victim telemetry. Verify current provider lifecycle before action."
"domain-0175","domain","hostinger-mail-ewgjnwrkgnkrw-petqadttozcmqgcbarfkahff[.]pages[.]dev","Cloudflare Pages","task","confirmed-main-family","2026-07-04T11:20:14.407000Z","2026-07-04T11:20:14.407000Z","1","observed","high","hecavex-investigation","false","Exact long-family domain; scan observation is not victim telemetry. Verify current provider lifecycle before action."
"domain-0176","domain","hostinger-mail-ewgjnwrkgnkrw-pfnqbyefippjflclhqmsuizp[.]pages[.]dev","Cloudflare Pages","task","confirmed-main-family","2026-06-19T23:34:04.566000Z","2026-06-21T08:16:49.108000Z","2","observed","high","hecavex-investigation","false","Exact long-family domain; scan observation is not victim telemetry. Verify current provider lifecycle before action."
"domain-0177","domain","hostinger-mail-ewgjnwrkgnkrw-pgxpwvzcjbfdmjyxeeymrxjo[.]pages[.]dev","Cloudflare Pages","task","confirmed-main-family","2026-05-15T07:04:52.205000Z","2026-07-13T19:10:39.326000Z","2","observed","high","hecavex-investigation","false","Exact long-family domain; scan observation is not victim telemetry. Verify current provider lifecycle before action."
"domain-0178","domain","hostinger-mail-ewgjnwrkgnkrw-pibefxihsdmtdakxeoglhlmv[.]pages[.]dev","Cloudflare Pages","task","confirmed-main-family","2026-05-29T01:00:58.070000Z","2026-07-26T11:25:43.481000Z","2","observed","high","hecavex-investigation","false","Exact long-family domain; scan observation is not victim telemetry. Verify current provider lifecycle before action."
"domain-0179","domain","hostinger-mail-ewgjnwrkgnkrw-pjpydcgqjglfqqqoweenktza[.]pages[.]dev","Cloudflare Pages","task","confirmed-main-family","2026-04-13T09:56:10.311000Z","2026-04-13T09:56:10.311000Z","1","observed","high","hecavex-investigation","false","Exact long-family domain; scan observation is not victim telemetry. Verify current provider lifecycle before action."
"domain-0180","domain","hostinger-mail-ewgjnwrkgnkrw-plitpyzgajnwvazgvglncagb[.]pages[.]dev","Cloudflare Pages","final-page","confirmed-main-family","2026-04-14T04:06:32.504000Z","2026-04-14T04:06:32.504000Z","1","observed","high","hecavex-investigation","false","Exact-family name observed only as a final page behind a short link in retained evidence."
"domain-0181","domain","hostinger-mail-ewgjnwrkgnkrw-pltqwqguphaqxmgyupzcsmkd[.]pages[.]dev","Cloudflare Pages","task","confirmed-main-family","2026-08-21T17:06:19.384000Z","2026-08-21T17:06:19.384000Z","1","observed","high","hecavex-investigation","false","Exact long-family domain; scan observation is not victim telemetry. Verify current provider lifecycle before action."
"domain-0182","domain","hostinger-mail-ewgjnwrkgnkrw-pnkgixylwzxjndfwnvigtzqk[.]pages[.]dev","Cloudflare Pages","task","confirmed-main-family","2026-05-13T08:54:35.621000Z","2026-05-14T23:44:26.960000Z","3","observed","high","hecavex-investigation","false","Exact long-family domain; scan observation is not victim telemetry. Verify current provider lifecycle before action."
"domain-0183","domain","hostinger-mail-ewgjnwrkgnkrw-poegmgafyvfbkevzzrtxwfoh[.]pages[.]dev","Cloudflare Pages","task","confirmed-main-family","2026-08-07T13:20:15.314000Z","2026-08-07T13:20:15.314000Z","1","observed","high","hecavex-investigation","false","Exact long-family domain; scan observation is not victim telemetry. Verify current provider lifecycle before action."
"domain-0184","domain","hostinger-mail-ewgjnwrkgnkrw-psdsorcevddbuercxlywgphy[.]pages[.]dev","Cloudflare Pages","task","confirmed-main-family","2026-05-07T16:05:54.222000Z","2026-07-05T06:48:38.430000Z","2","observed","high","hecavex-investigation","false","Exact long-family domain; scan observation is not victim telemetry. Verify current provider lifecycle before action."
"domain-0185","domain","hostinger-mail-ewgjnwrkgnkrw-ptovcebbpuvdvbbglvhcgavl[.]pages[.]dev","Cloudflare Pages","task","confirmed-main-family","2026-08-13T11:15:43.530000Z","2026-08-13T11:15:43.530000Z","1","observed","high","hecavex-investigation","false","Exact long-family domain; scan observation is not victim telemetry. Verify current provider lifecycle before action."
"domain-0186","domain","hostinger-mail-ewgjnwrkgnkrw-pwrsmctexcqffrqycrqcmkxh[.]pages[.]dev","Cloudflare Pages","task","confirmed-main-family","2026-08-22T19:33:46.403000Z","2026-08-22T19:33:46.403000Z","1","observed","high","hecavex-investigation","false","Exact long-family domain; scan observation is not victim telemetry. Verify current provider lifecycle before action."
"domain-0187","domain","hostinger-mail-ewgjnwrkgnkrw-pxtebmagfibviokuetzcnxsd[.]pages[.]dev","Cloudflare Pages","task","confirmed-main-family","2026-06-28T01:57:52.833000Z","2026-07-29T08:04:56.937000Z","2","observed","high","hecavex-investigation","false","Exact long-family domain; scan observation is not victim telemetry. Verify current provider lifecycle before action."
"domain-0188","domain","hostinger-mail-ewgjnwrkgnkrw-qcscsjzohrauqyfmywamosxi[.]pages[.]dev","Cloudflare Pages","task","confirmed-main-family","2026-04-23T10:18:27.794000Z","2026-04-23T16:54:04.165000Z","2","observed","high","hecavex-investigation","false","Exact long-family domain; scan observation is not victim telemetry. Verify current provider lifecycle before action."
"domain-0189","domain","hostinger-mail-ewgjnwrkgnkrw-qgbjgjbkrvdybcterltljjnx[.]pages[.]dev","Cloudflare Pages","task","confirmed-main-family","2026-04-08T11:50:09.799000Z","2026-04-08T11:50:09.799000Z","1","observed","high","hecavex-investigation","false","Exact long-family domain; scan observation is not victim telemetry. Verify current provider lifecycle before action."
"domain-0190","domain","hostinger-mail-ewgjnwrkgnkrw-qguzzvlofbedrfumantvtnug[.]pages[.]dev","Cloudflare Pages","task","confirmed-main-family","2026-05-07T22:27:31.885000Z","2026-07-05T05:49:05.485000Z","3","observed","high","hecavex-investigation","false","Exact long-family domain; scan observation is not victim telemetry. Verify current provider lifecycle before action."
"domain-0191","domain","hostinger-mail-ewgjnwrkgnkrw-qkdplqdohkofbxentfntwlvk[.]pages[.]dev","Cloudflare Pages","task","confirmed-main-family","2026-05-12T06:36:50.431000Z","2026-05-13T09:23:10.623000Z","3","observed","high","hecavex-investigation","false","Exact long-family domain; scan observation is not victim telemetry. Verify current provider lifecycle before action."
"domain-0192","domain","hostinger-mail-ewgjnwrkgnkrw-qmmjoaadiogytmncpdbejpft[.]pages[.]dev","Cloudflare Pages","task","confirmed-main-family","2026-04-28T04:58:18.567000Z","2026-06-26T09:59:03.993000Z","2","observed","high","hecavex-investigation","false","Exact long-family domain; scan observation is not victim telemetry. Verify current provider lifecycle before action."
"domain-0193","domain","hostinger-mail-ewgjnwrkgnkrw-qpqobolymgjgwggbzrfdrcab[.]pages[.]dev","Cloudflare Pages","final-page;task","confirmed-main-family","2026-04-12T10:25:18.804000Z","2026-04-14T20:32:44.513000Z","2","observed","high","hecavex-investigation","false","Exact long-family domain; scan observation is not victim telemetry. Verify current provider lifecycle before action."
"domain-0194","domain","hostinger-mail-ewgjnwrkgnkrw-qqkfzvhrugfclczejtirqbmo[.]pages[.]dev","Cloudflare Pages","task","confirmed-main-family","2026-08-18T13:34:06.662000Z","2026-08-18T13:34:06.662000Z","1","observed","high","hecavex-investigation","false","Exact long-family domain; scan observation is not victim telemetry. Verify current provider lifecycle before action."
"domain-0195","domain","hostinger-mail-ewgjnwrkgnkrw-qtfzhtqflohiekscdsthkcac[.]pages[.]dev","Cloudflare Pages","task","confirmed-main-family","2026-05-29T22:58:23.095000Z","2026-05-30T01:15:18.005000Z","2","observed","high","hecavex-investigation","false","Exact long-family domain; scan observation is not victim telemetry. Verify current provider lifecycle before action."
"domain-0196","domain","hostinger-mail-ewgjnwrkgnkrw-qurgxwbxychvtqgcnejeaogz[.]pages[.]dev","Cloudflare Pages","final-page;task","confirmed-main-family","2026-04-13T04:46:41.564000Z","2026-04-16T03:29:18.487000Z","2","observed","high","hecavex-investigation","false","Exact long-family domain; scan observation is not victim telemetry. Verify current provider lifecycle before action."
"domain-0197","domain","hostinger-mail-ewgjnwrkgnkrw-qxnwagzxridauetgzjwwqmod[.]pages[.]dev","Cloudflare Pages","final-page;task","confirmed-main-family","2026-05-03T04:18:00.226000Z","2026-05-03T04:18:00.226000Z","1","observed","high","hecavex-investigation","false","Exact long-family domain; scan observation is not victim telemetry. Verify current provider lifecycle before action."
"domain-0198","domain","hostinger-mail-ewgjnwrkgnkrw-qxxqusgdycpttefhsyxwggat[.]pages[.]dev","Cloudflare Pages","task","confirmed-main-family","2026-05-04T07:28:39.671000Z","2026-05-04T07:28:39.671000Z","1","observed","high","hecavex-investigation","false","Exact long-family domain; scan observation is not victim telemetry. Verify current provider lifecycle before action."
"domain-0199","domain","hostinger-mail-ewgjnwrkgnkrw-qyjbkpyejtsdbhctcbzbigkz[.]pages[.]dev","Cloudflare Pages","task","confirmed-main-family","2026-08-18T07:44:46.367000Z","2026-08-18T11:00:27.097000Z","2","observed","high","hecavex-investigation","false","Exact long-family domain; scan observation is not victim telemetry. Verify current provider lifecycle before action."
"domain-0200","domain","hostinger-mail-ewgjnwrkgnkrw-qyumfadtnmlkaeztjxgthqcy[.]pages[.]dev","Cloudflare Pages","final-page;task","confirmed-main-family","2026-06-29T18:17:47.333000Z","2026-06-29T18:46:28.939000Z","2","observed","high","hecavex-investigation","false","Exact long-family domain; scan observation is not victim telemetry. Verify current provider lifecycle before action."
"domain-0201","domain","hostinger-mail-ewgjnwrkgnkrw-rahvemrnxcwuzolxqfgvssya[.]pages[.]dev","Cloudflare Pages","final-page;task","confirmed-main-family","2026-04-18T12:25:43.510000Z","2026-06-14T06:01:56.523000Z","4","observed","high","hecavex-investigation","false","Exact long-family domain; scan observation is not victim telemetry. Verify current provider lifecycle before action."
"domain-0202","domain","hostinger-mail-ewgjnwrkgnkrw-raqzzibmvhlguvpontioetti[.]pages[.]dev","Cloudflare Pages","task","confirmed-main-family","2026-05-26T04:51:36.584000Z","2026-05-26T04:51:36.584000Z","1","observed","high","hecavex-investigation","false","Exact long-family domain; scan observation is not victim telemetry. Verify current provider lifecycle before action."
"domain-0203","domain","hostinger-mail-ewgjnwrkgnkrw-rbixjhkabkzlqerzsjvcjmwm[.]pages[.]dev","Cloudflare Pages","task","confirmed-main-family","2026-04-29T22:24:11.556000Z","2026-04-30T08:32:11.728000Z","2","observed","high","hecavex-investigation","false","Exact long-family domain; scan observation is not victim telemetry. Verify current provider lifecycle before action."
"domain-0204","domain","hostinger-mail-ewgjnwrkgnkrw-rbrvagawfkouwhxnqvvctmrd[.]pages[.]dev","Cloudflare Pages","task","confirmed-main-family","2026-07-10T19:39:06.857000Z","2026-07-13T09:53:17.312000Z","2","observed","high","hecavex-investigation","false","Exact long-family domain; scan observation is not victim telemetry. Verify current provider lifecycle before action."
"domain-0205","domain","hostinger-mail-ewgjnwrkgnkrw-rfrjmcwxvqbkkwhcjwmlndmn[.]pages[.]dev","Cloudflare Pages","task","confirmed-main-family","2026-06-25T13:53:38.872000Z","2026-06-26T07:27:32.979000Z","2","observed","high","hecavex-investigation","false","Exact long-family domain; scan observation is not victim telemetry. Verify current provider lifecycle before action."
"domain-0206","domain","hostinger-mail-ewgjnwrkgnkrw-rgdwctxndytitazvoeduhqxk[.]pages[.]dev","Cloudflare Pages","task","confirmed-main-family","2026-06-17T14:11:17.076000Z","2026-08-15T23:45:03.182000Z","3","observed","high","hecavex-investigation","false","Exact long-family domain; scan observation is not victim telemetry. Verify current provider lifecycle before action."
"domain-0207","domain","hostinger-mail-ewgjnwrkgnkrw-rijuntfgengpipvtpsdepoxk[.]pages[.]dev","Cloudflare Pages","task","confirmed-main-family","2026-04-27T06:33:29.005000Z","2026-04-27T16:42:46.197000Z","2","observed","high","hecavex-investigation","false","Exact long-family domain; scan observation is not victim telemetry. Verify current provider lifecycle before action."
"domain-0208","domain","hostinger-mail-ewgjnwrkgnkrw-rllhsfkwqhkjwswvsotkspws[.]pages[.]dev","Cloudflare Pages","task","confirmed-main-family","2026-05-25T06:09:44.763000Z","2026-07-23T08:10:19.294000Z","2","observed","high","hecavex-investigation","false","Exact long-family domain; scan observation is not victim telemetry. Verify current provider lifecycle before action."
"domain-0209","domain","hostinger-mail-ewgjnwrkgnkrw-rtedbfcgdlqoctxwvbvsbupv[.]pages[.]dev","Cloudflare Pages","task","confirmed-main-family","2026-06-05T00:02:15.532000Z","2026-08-15T16:31:42.015000Z","2","observed","high","hecavex-investigation","false","Exact long-family domain; scan observation is not victim telemetry. Verify current provider lifecycle before action."
"domain-0210","domain","hostinger-mail-ewgjnwrkgnkrw-rtfivxfndznslgsaauhtsegt[.]pages[.]dev","Cloudflare Pages","task","confirmed-main-family","2026-05-27T06:27:25.869000Z","2026-05-28T06:55:33.723000Z","2","observed","high","hecavex-investigation","false","Exact long-family domain; scan observation is not victim telemetry. Verify current provider lifecycle before action."
"domain-0211","domain","hostinger-mail-ewgjnwrkgnkrw-rytcytajlrzfhyfzwajxbeqp[.]pages[.]dev","Cloudflare Pages","task","confirmed-main-family","2026-05-01T06:11:29.310000Z","2026-05-01T18:38:52.071000Z","2","observed","high","hecavex-investigation","false","Exact long-family domain; scan observation is not victim telemetry. Verify current provider lifecycle before action."
"domain-0212","domain","hostinger-mail-ewgjnwrkgnkrw-sgicaslrqtpwkoeidjlriaqk[.]pages[.]dev","Cloudflare Pages","final-page;task","confirmed-main-family","2026-04-16T04:38:38.600000Z","2026-08-13T18:46:03.112000Z","5","observed","high","hecavex-investigation","false","Exact long-family domain; scan observation is not victim telemetry. Verify current provider lifecycle before action."
"domain-0213","domain","hostinger-mail-ewgjnwrkgnkrw-sjatmnhvncsjkyksihaiupoc[.]pages[.]dev","Cloudflare Pages","task","confirmed-main-family","2026-08-13T15:16:58.942000Z","2026-08-13T15:16:58.942000Z","1","observed","high","hecavex-investigation","false","Exact long-family domain; scan observation is not victim telemetry. Verify current provider lifecycle before action."
"domain-0214","domain","hostinger-mail-ewgjnwrkgnkrw-sjcaqlkznpojkhfsnbpbwfjd[.]pages[.]dev","Cloudflare Pages","task","confirmed-main-family","2026-05-14T04:58:43.210000Z","2026-05-14T04:58:43.210000Z","1","observed","high","hecavex-investigation","false","Exact long-family domain; scan observation is not victim telemetry. Verify current provider lifecycle before action."
"domain-0215","domain","hostinger-mail-ewgjnwrkgnkrw-sjucydjaizfmhtuwqoxqvhlj[.]pages[.]dev","Cloudflare Pages","task","confirmed-main-family","2026-06-22T22:56:43.302000Z","2026-06-22T22:58:12.038000Z","2","observed","high","hecavex-investigation","false","Exact long-family domain; scan observation is not victim telemetry. Verify current provider lifecycle before action."
"domain-0216","domain","hostinger-mail-ewgjnwrkgnkrw-snbpambstsdkowbqivzvdscs[.]pages[.]dev","Cloudflare Pages","final-page;task","confirmed-main-family","2026-04-23T06:40:36.955000Z","2026-08-21T07:50:01.176000Z","3","observed","high","hecavex-investigation","false","Exact long-family domain; scan observation is not victim telemetry. Verify current provider lifecycle before action."
"domain-0217","domain","hostinger-mail-ewgjnwrkgnkrw-snqezflfbaphnbuezoshfghy[.]pages[.]dev","Cloudflare Pages","task","confirmed-main-family","2026-07-19T20:57:56.773000Z","2026-07-20T00:15:25.022000Z","2","observed","high","hecavex-investigation","false","Exact long-family domain; scan observation is not victim telemetry. Verify current provider lifecycle before action."
"domain-0218","domain","hostinger-mail-ewgjnwrkgnkrw-sofvftiyikdiiadtexuzwaac[.]pages[.]dev","Cloudflare Pages","task","confirmed-main-family","2026-06-01T18:20:42.046000Z","2026-08-02T00:20:21.890000Z","2","observed","high","hecavex-investigation","false","Exact long-family domain; scan observation is not victim telemetry. Verify current provider lifecycle before action."
"domain-0219","domain","hostinger-mail-ewgjnwrkgnkrw-systrveeqrhemslulxtohkqc[.]pages[.]dev","Cloudflare Pages","task","confirmed-main-family","2026-06-25T13:38:43.340000Z","2026-08-23T07:55:32.304000Z","3","observed","high","hecavex-investigation","false","Exact long-family domain; scan observation is not victim telemetry. Verify current provider lifecycle before action."
"domain-0220","domain","hostinger-mail-ewgjnwrkgnkrw-sztsxnyiqmbqhqmhtlzvemjg[.]pages[.]dev","Cloudflare Pages","task","confirmed-main-family","2026-04-27T08:14:39.017000Z","2026-04-27T20:03:14.657000Z","2","observed","high","hecavex-investigation","false","Exact long-family domain; scan observation is not victim telemetry. Verify current provider lifecycle before action."
"domain-0221","domain","hostinger-mail-ewgjnwrkgnkrw-tbewrvjoqqswowrdgmnghwgu[.]pages[.]dev","Cloudflare Pages","task","confirmed-main-family","2026-08-13T20:54:11.925000Z","2026-08-13T20:54:11.925000Z","1","observed","high","hecavex-investigation","false","Exact long-family domain; scan observation is not victim telemetry. Verify current provider lifecycle before action."
"domain-0222","domain","hostinger-mail-ewgjnwrkgnkrw-tcfyryfjnqbqljgxhnwbtdoy[.]pages[.]dev","Cloudflare Pages","final-page;task","confirmed-main-family","2026-04-16T14:57:08.111000Z","2026-04-16T14:57:08.111000Z","1","observed","high","hecavex-investigation","false","Exact long-family domain; scan observation is not victim telemetry. Verify current provider lifecycle before action."
"domain-0223","domain","hostinger-mail-ewgjnwrkgnkrw-tdrmwmllukaeufcgbuzwwtio[.]pages[.]dev","Cloudflare Pages","task","confirmed-main-family","2026-05-21T19:22:31.797000Z","2026-05-22T15:06:35.640000Z","2","observed","high","hecavex-investigation","false","Exact long-family domain; scan observation is not victim telemetry. Verify current provider lifecycle before action."
"domain-0224","domain","hostinger-mail-ewgjnwrkgnkrw-tfospbbfefrfpuhynrhsrnus[.]pages[.]dev","Cloudflare Pages","task","confirmed-main-family","2026-06-30T00:57:43.224000Z","2026-06-30T00:57:43.224000Z","1","observed","high","hecavex-investigation","false","Exact long-family domain; scan observation is not victim telemetry. Verify current provider lifecycle before action."
"domain-0225","domain","hostinger-mail-ewgjnwrkgnkrw-tgcondrpxffttburzacfppsh[.]pages[.]dev","Cloudflare Pages","task","confirmed-main-family","2026-05-20T08:10:25.392000Z","2026-05-20T20:39:58.978000Z","2","observed","high","hecavex-investigation","false","Exact long-family domain; scan observation is not victim telemetry. Verify current provider lifecycle before action."
"domain-0226","domain","hostinger-mail-ewgjnwrkgnkrw-tjxlqmkpwzxjsknuzkkyovrz[.]pages[.]dev","Cloudflare Pages","task","confirmed-main-family","2026-08-17T10:01:23.049000Z","2026-08-17T10:01:23.049000Z","1","observed","high","hecavex-investigation","false","Exact long-family domain; scan observation is not victim telemetry. Verify current provider lifecycle before action."
"domain-0227","domain","hostinger-mail-ewgjnwrkgnkrw-tkjunvafatoqtkpeuipmwbjm[.]pages[.]dev","Cloudflare Pages","final-page;task","confirmed-main-family","2026-04-18T11:54:38.627000Z","2026-06-20T14:05:23.505000Z","5","observed","high","hecavex-investigation","false","Exact long-family domain; scan observation is not victim telemetry. Verify current provider lifecycle before action."
"domain-0228","domain","hostinger-mail-ewgjnwrkgnkrw-tmirtobhgtaucjltfkvzcdng[.]pages[.]dev","Cloudflare Pages","task","confirmed-main-family","2026-07-10T03:41:14.005000Z","2026-07-10T03:42:14.913000Z","2","observed","high","hecavex-investigation","false","Exact long-family domain; scan observation is not victim telemetry. Verify current provider lifecycle before action."
"domain-0229","domain","hostinger-mail-ewgjnwrkgnkrw-trqicdhfhcpiojkeavalagyd[.]pages[.]dev","Cloudflare Pages","task","confirmed-main-family","2026-05-22T03:18:13.607000Z","2026-05-22T18:10:11.932000Z","2","observed","high","hecavex-investigation","false","Exact long-family domain; scan observation is not victim telemetry. Verify current provider lifecycle before action."
"domain-0230","domain","hostinger-mail-ewgjnwrkgnkrw-tuzjjlnvsfyreihsrrxgfuga[.]pages[.]dev","Cloudflare Pages","task","confirmed-main-family","2026-04-14T05:25:08.287000Z","2026-04-14T05:25:08.287000Z","1","observed","high","hecavex-investigation","false","Exact long-family domain; scan observation is not victim telemetry. Verify current provider lifecycle before action."
"domain-0231","domain","hostinger-mail-ewgjnwrkgnkrw-tvfoqqidayyoiwobpovuuhvy[.]pages[.]dev","Cloudflare Pages","final-page;task","confirmed-main-family","2026-04-06T14:04:35.359000Z","2026-04-08T09:46:01.896000Z","2","observed","high","hecavex-investigation","false","Exact long-family domain; scan observation is not victim telemetry. Verify current provider lifecycle before action."
"domain-0232","domain","hostinger-mail-ewgjnwrkgnkrw-tvlaouqjoimdhiipzbefegqf[.]pages[.]dev","Cloudflare Pages","task","confirmed-main-family","2026-08-14T10:37:00.336000Z","2026-08-14T10:37:00.336000Z","1","observed","high","hecavex-investigation","false","Exact long-family domain; scan observation is not victim telemetry. Verify current provider lifecycle before action."
"domain-0233","domain","hostinger-mail-ewgjnwrkgnkrw-ubobzkghvtzoniebmyhxzlby[.]pages[.]dev","Cloudflare Pages","final-page;task","confirmed-main-family","2026-04-08T20:44:51.839000Z","2026-04-08T20:44:51.839000Z","1","observed","high","hecavex-investigation","false","Exact long-family domain; scan observation is not victim telemetry. Verify current provider lifecycle before action."
"domain-0234","domain","hostinger-mail-ewgjnwrkgnkrw-ubsjluiztikasycuuvcltiue[.]pages[.]dev","Cloudflare Pages","task","confirmed-main-family","2026-06-09T06:09:06.860000Z","2026-06-10T22:07:33.719000Z","2","observed","high","hecavex-investigation","false","Exact long-family domain; scan observation is not victim telemetry. Verify current provider lifecycle before action."
"domain-0235","domain","hostinger-mail-ewgjnwrkgnkrw-ucvdyqggkgehxwxmggwfxxga[.]pages[.]dev","Cloudflare Pages","task","confirmed-main-family","2026-07-02T04:22:33.155000Z","2026-07-02T04:22:33.155000Z","1","observed","high","hecavex-investigation","false","Exact long-family domain; scan observation is not victim telemetry. Verify current provider lifecycle before action."
"domain-0236","domain","hostinger-mail-ewgjnwrkgnkrw-uhauleoedmdkylcasuywujxy[.]pages[.]dev","Cloudflare Pages","task","confirmed-main-family","2026-08-19T13:54:19.524000Z","2026-08-19T23:39:10.197000Z","2","observed","high","hecavex-investigation","false","Exact long-family domain; scan observation is not victim telemetry. Verify current provider lifecycle before action."
"domain-0237","domain","hostinger-mail-ewgjnwrkgnkrw-upfaooogceucfpdzzpmddwwr[.]pages[.]dev","Cloudflare Pages","task","confirmed-main-family","2026-04-29T09:25:50.547000Z","2026-06-28T01:47:15.487000Z","2","observed","high","hecavex-investigation","false","Exact long-family domain; scan observation is not victim telemetry. Verify current provider lifecycle before action."
"domain-0238","domain","hostinger-mail-ewgjnwrkgnkrw-uweangtnqsqskmbbvswriura[.]pages[.]dev","Cloudflare Pages","task","confirmed-main-family","2026-05-13T19:52:04.177000Z","2026-07-12T04:35:56.584000Z","2","observed","high","hecavex-investigation","false","Exact long-family domain; scan observation is not victim telemetry. Verify current provider lifecycle before action."
"domain-0239","domain","hostinger-mail-ewgjnwrkgnkrw-uzedcawzaoufykpgpetghrhc[.]pages[.]dev","Cloudflare Pages","task","confirmed-main-family","2026-06-12T05:10:19.098000Z","2026-06-12T05:10:19.098000Z","1","observed","high","hecavex-investigation","false","Exact long-family domain; scan observation is not victim telemetry. Verify current provider lifecycle before action."
"domain-0240","domain","hostinger-mail-ewgjnwrkgnkrw-uzykxbltblreflrwdeohjtok[.]pages[.]dev","Cloudflare Pages","task","confirmed-main-family","2026-04-29T04:37:42.562000Z","2026-04-30T18:16:48.356000Z","2","observed","high","hecavex-investigation","false","Exact long-family domain; scan observation is not victim telemetry. Verify current provider lifecycle before action."
"domain-0241","domain","hostinger-mail-ewgjnwrkgnkrw-vbkilzahccpoafoiczaihrfn[.]pages[.]dev","Cloudflare Pages","final-page;task","confirmed-main-family","2026-04-16T01:37:39.036000Z","2026-04-16T01:37:39.036000Z","1","observed","high","hecavex-investigation","false","Exact long-family domain; scan observation is not victim telemetry. Verify current provider lifecycle before action."
"domain-0242","domain","hostinger-mail-ewgjnwrkgnkrw-vdealntzazyxwxyzwkyvsroj[.]pages[.]dev","Cloudflare Pages","task","confirmed-main-family","2026-06-03T15:01:24.808000Z","2026-06-05T03:30:17.953000Z","2","observed","high","hecavex-investigation","false","Exact long-family domain; scan observation is not victim telemetry. Verify current provider lifecycle before action."
"domain-0243","domain","hostinger-mail-ewgjnwrkgnkrw-vfmchwjslpspbxszsawwdclv[.]pages[.]dev","Cloudflare Pages","final-page;task","confirmed-main-family","2026-04-16T06:21:02.650000Z","2026-04-16T06:21:02.650000Z","1","observed","high","hecavex-investigation","false","Exact long-family domain; scan observation is not victim telemetry. Verify current provider lifecycle before action."
"domain-0244","domain","hostinger-mail-ewgjnwrkgnkrw-vfvqokqvnddqglapettmtvkk[.]pages[.]dev","Cloudflare Pages","task","confirmed-main-family","2026-08-13T23:13:56.984000Z","2026-08-13T23:13:56.984000Z","1","observed","high","hecavex-investigation","false","Exact long-family domain; scan observation is not victim telemetry. Verify current provider lifecycle before action."
"domain-0245","domain","hostinger-mail-ewgjnwrkgnkrw-vgnnfezmjdjywzucnqrdlrtf[.]pages[.]dev","Cloudflare Pages","task","confirmed-main-family","2026-07-23T12:56:35.761000Z","2026-07-23T22:03:23.318000Z","2","observed","high","hecavex-investigation","false","Exact long-family domain; scan observation is not victim telemetry. Verify current provider lifecycle before action."
"domain-0246","domain","hostinger-mail-ewgjnwrkgnkrw-vgysceedricuvmnoqpmqrwle[.]pages[.]dev","Cloudflare Pages","task","confirmed-main-family","2026-05-19T07:56:11.608000Z","2026-05-20T15:46:41.155000Z","3","observed","high","hecavex-investigation","false","Exact long-family domain; scan observation is not victim telemetry. Verify current provider lifecycle before action."
"domain-0247","domain","hostinger-mail-ewgjnwrkgnkrw-vlabewjinujucgbulrykuiah[.]pages[.]dev","Cloudflare Pages","task","confirmed-main-family","2026-07-17T01:41:22.405000Z","2026-07-17T01:41:22.405000Z","1","observed","high","hecavex-investigation","false","Exact long-family domain; scan observation is not victim telemetry. Verify current provider lifecycle before action."
"domain-0248","domain","hostinger-mail-ewgjnwrkgnkrw-vnfxrmltlojjrndsgxwxetuv[.]pages[.]dev","Cloudflare Pages","task","confirmed-main-family","2026-08-09T18:08:55.009000Z","2026-08-09T18:08:55.009000Z","1","observed","high","hecavex-investigation","false","Exact long-family domain; scan observation is not victim telemetry. Verify current provider lifecycle before action."
"domain-0249","domain","hostinger-mail-ewgjnwrkgnkrw-vokrzeahjzumwpnkwkflnxqw[.]pages[.]dev","Cloudflare Pages","task","confirmed-main-family","2026-08-13T14:29:06.421000Z","2026-08-13T14:29:06.421000Z","1","observed","high","hecavex-investigation","false","Exact long-family domain; scan observation is not victim telemetry. Verify current provider lifecycle before action."
"domain-0250","domain","hostinger-mail-ewgjnwrkgnkrw-vpzovaqleddrpxcydxslzclg[.]pages[.]dev","Cloudflare Pages","task","confirmed-main-family","2026-06-23T07:10:05.775000Z","2026-08-20T22:54:08.180000Z","2","observed","high","hecavex-investigation","false","Exact long-family domain; scan observation is not victim telemetry. Verify current provider lifecycle before action."
"domain-0251","domain","hostinger-mail-ewgjnwrkgnkrw-vqjlawxmaimrqgarxvivxxoq[.]pages[.]dev","Cloudflare Pages","task","confirmed-main-family","2026-06-25T09:35:03.952000Z","2026-07-03T07:27:19.768000Z","4","observed","high","hecavex-investigation","false","Exact long-family domain; scan observation is not victim telemetry. Verify current provider lifecycle before action."
"domain-0252","domain","hostinger-mail-ewgjnwrkgnkrw-vqrdszbshqnzogpxqotzvssm[.]pages[.]dev","Cloudflare Pages","task","confirmed-main-family","2026-08-17T05:43:02.519000Z","2026-08-17T05:43:02.519000Z","1","observed","high","hecavex-investigation","false","Exact long-family domain; scan observation is not victim telemetry. Verify current provider lifecycle before action."
"domain-0253","domain","hostinger-mail-ewgjnwrkgnkrw-vuvcizxrqnloaofhytcughnq[.]pages[.]dev","Cloudflare Pages","task","confirmed-main-family","2026-06-20T16:26:50.946000Z","2026-07-14T10:21:13.272000Z","2","observed","high","hecavex-investigation","false","Exact long-family domain; scan observation is not victim telemetry. Verify current provider lifecycle before action."
"domain-0254","domain","hostinger-mail-ewgjnwrkgnkrw-vwsfqugtvvdzebpgofxfsdng[.]pages[.]dev","Cloudflare Pages","task","confirmed-main-family","2026-05-14T06:45:33.118000Z","2026-05-14T14:25:40.966000Z","2","observed","high","hecavex-investigation","false","Exact long-family domain; scan observation is not victim telemetry. Verify current provider lifecycle before action."
"domain-0255","domain","hostinger-mail-ewgjnwrkgnkrw-waynzkmgbslvihiybtoasucq[.]pages[.]dev","Cloudflare Pages","final-page;task","confirmed-main-family","2026-06-07T12:22:59.531000Z","2026-08-17T19:13:09.508000Z","4","observed","high","hecavex-investigation","false","Exact long-family domain; scan observation is not victim telemetry. Verify current provider lifecycle before action."
"domain-0256","domain","hostinger-mail-ewgjnwrkgnkrw-wflrqodelzmlzufdzhjvihej[.]pages[.]dev","Cloudflare Pages","task","confirmed-main-family","2026-07-24T10:58:38.997000Z","2026-07-24T10:58:38.997000Z","1","observed","high","hecavex-investigation","false","Exact long-family domain; scan observation is not victim telemetry. Verify current provider lifecycle before action."
"domain-0257","domain","hostinger-mail-ewgjnwrkgnkrw-wimsimhptmvdinvbnnlfcfez[.]pages[.]dev","Cloudflare Pages","task","confirmed-main-family","2026-05-05T08:02:16.531000Z","2026-07-03T17:56:43.023000Z","2","observed","high","hecavex-investigation","false","Exact long-family domain; scan observation is not victim telemetry. Verify current provider lifecycle before action."
"domain-0258","domain","hostinger-mail-ewgjnwrkgnkrw-wlkuavdhpskguzbayaxhgund[.]pages[.]dev","Cloudflare Pages","final-page;task","confirmed-main-family","2026-04-23T17:06:33.914000Z","2026-07-27T05:25:39.653000Z","2","observed","high","hecavex-investigation","false","Exact long-family domain; scan observation is not victim telemetry. Verify current provider lifecycle before action."
"domain-0259","domain","hostinger-mail-ewgjnwrkgnkrw-wtdsxxdatxjyhtjulnvhbnhd[.]pages[.]dev","Cloudflare Pages","task","confirmed-main-family","2026-07-17T17:25:22.657000Z","2026-07-17T17:25:22.657000Z","1","observed","high","hecavex-investigation","false","Exact long-family domain; scan observation is not victim telemetry. Verify current provider lifecycle before action."
"domain-0260","domain","hostinger-mail-ewgjnwrkgnkrw-xaosasqxvdjmwukukkhpoaiz[.]pages[.]dev","Cloudflare Pages","task","confirmed-main-family","2026-07-12T10:56:59.924000Z","2026-07-12T15:46:56.380000Z","2","observed","high","hecavex-investigation","false","Exact long-family domain; scan observation is not victim telemetry. Verify current provider lifecycle before action."
"domain-0261","domain","hostinger-mail-ewgjnwrkgnkrw-xdbjwehtyafozidahzxkjgsd[.]pages[.]dev","Cloudflare Pages","task","confirmed-main-family","2026-05-04T06:04:52.341000Z","2026-05-27T00:13:16.781000Z","2","observed","high","hecavex-investigation","false","Exact long-family domain; scan observation is not victim telemetry. Verify current provider lifecycle before action."
"domain-0262","domain","hostinger-mail-ewgjnwrkgnkrw-xgfgoxtrbbqgxocipmdzzxgs[.]pages[.]dev","Cloudflare Pages","final-page;task","confirmed-main-family","2026-04-11T10:16:58.102000Z","2026-08-21T08:49:59.749000Z","5","observed","high","hecavex-investigation","false","Exact long-family domain; scan observation is not victim telemetry. Verify current provider lifecycle before action."
"domain-0263","domain","hostinger-mail-ewgjnwrkgnkrw-xipobqnhnnxayiyzyrtcynkm[.]pages[.]dev","Cloudflare Pages","task","confirmed-main-family","2026-04-27T05:17:57.096000Z","2026-04-27T05:17:57.096000Z","1","observed","high","hecavex-investigation","false","Exact long-family domain; scan observation is not victim telemetry. Verify current provider lifecycle before action."
"domain-0264","domain","hostinger-mail-ewgjnwrkgnkrw-xiyvyeqdgmzxxjecjshqlbuw[.]pages[.]dev","Cloudflare Pages","task","confirmed-main-family","2026-04-21T05:57:01.990000Z","2026-04-21T10:33:16.943000Z","2","observed","high","hecavex-investigation","false","Exact long-family domain; scan observation is not victim telemetry. Verify current provider lifecycle before action."
"domain-0265","domain","hostinger-mail-ewgjnwrkgnkrw-xkoasqmyhzlrffpcyecjswhr[.]pages[.]dev","Cloudflare Pages","task","confirmed-main-family","2026-05-23T00:20:32.673000Z","2026-07-20T13:36:53.249000Z","2","observed","high","hecavex-investigation","false","Exact long-family domain; scan observation is not victim telemetry. Verify current provider lifecycle before action."
"domain-0266","domain","hostinger-mail-ewgjnwrkgnkrw-xnamwtahavvekcbddwjcprlh[.]pages[.]dev","Cloudflare Pages","task","confirmed-main-family","2026-06-20T13:34:11.529000Z","2026-08-15T08:11:27.788000Z","2","observed","high","hecavex-investigation","false","Exact long-family domain; scan observation is not victim telemetry. Verify current provider lifecycle before action."
"domain-0267","domain","hostinger-mail-ewgjnwrkgnkrw-xobzpwkpgfcdvcwvyyckplbh[.]pages[.]dev","Cloudflare Pages","task","confirmed-main-family","2026-04-27T11:20:58.944000Z","2026-04-27T22:35:24.395000Z","2","observed","high","hecavex-investigation","false","Exact long-family domain; scan observation is not victim telemetry. Verify current provider lifecycle before action."
"domain-0268","domain","hostinger-mail-ewgjnwrkgnkrw-xpbbnvcedmscnwjzqevhoerl[.]pages[.]dev","Cloudflare Pages","task","confirmed-main-family","2026-05-13T17:56:00.546000Z","2026-05-13T19:32:23.790000Z","2","observed","high","hecavex-investigation","false","Exact long-family domain; scan observation is not victim telemetry. Verify current provider lifecycle before action."
"domain-0269","domain","hostinger-mail-ewgjnwrkgnkrw-xrdtdqpclnqbeucabizsjekh[.]pages[.]dev","Cloudflare Pages","final-page;task","confirmed-main-family","2026-04-08T09:11:58.680000Z","2026-04-08T09:11:58.680000Z","1","observed","high","hecavex-investigation","false","Exact long-family domain; scan observation is not victim telemetry. Verify current provider lifecycle before action."
"domain-0270","domain","hostinger-mail-ewgjnwrkgnkrw-xubevydtdrhccibvzmmsulzs[.]pages[.]dev","Cloudflare Pages","task","confirmed-main-family","2026-06-07T02:26:15.798000Z","2026-06-07T15:33:42.051000Z","3","observed","high","hecavex-investigation","false","Exact long-family domain; scan observation is not victim telemetry. Verify current provider lifecycle before action."
"domain-0271","domain","hostinger-mail-ewgjnwrkgnkrw-xykqxglrsyzhhbgutyxvwjfq[.]pages[.]dev","Cloudflare Pages","task","confirmed-main-family","2026-06-12T21:59:52.508000Z","2026-08-08T18:38:15.764000Z","2","observed","high","hecavex-investigation","false","Exact long-family domain; scan observation is not victim telemetry. Verify current provider lifecycle before action."
"domain-0272","domain","hostinger-mail-ewgjnwrkgnkrw-ycvvkqderuxfvgkngcpmrvfq[.]pages[.]dev","Cloudflare Pages","task","confirmed-main-family","2026-05-20T09:08:28.322000Z","2026-06-04T18:52:37.208000Z","2","observed","high","hecavex-investigation","false","Exact long-family domain; scan observation is not victim telemetry. Verify current provider lifecycle before action."
"domain-0273","domain","hostinger-mail-ewgjnwrkgnkrw-ydxjiacvlswcdwszvujijlsf[.]pages[.]dev","Cloudflare Pages","task","confirmed-main-family","2026-08-02T08:55:16.908000Z","2026-08-02T14:14:44.064000Z","2","observed","high","hecavex-investigation","false","Exact long-family domain; scan observation is not victim telemetry. Verify current provider lifecycle before action."
"domain-0274","domain","hostinger-mail-ewgjnwrkgnkrw-yeibelaahxtxojauwzfdzlej[.]pages[.]dev","Cloudflare Pages","task","confirmed-main-family","2026-06-23T08:52:50.685000Z","2026-06-23T18:42:59.411000Z","2","observed","high","hecavex-investigation","false","Exact long-family domain; scan observation is not victim telemetry. Verify current provider lifecycle before action."
"domain-0275","domain","hostinger-mail-ewgjnwrkgnkrw-yevkfpeaphcngfnejqlverbs[.]pages[.]dev","Cloudflare Pages","task","confirmed-main-family","2026-08-18T10:56:31.515000Z","2026-08-18T10:56:31.515000Z","1","observed","high","hecavex-investigation","false","Exact long-family domain; scan observation is not victim telemetry. Verify current provider lifecycle before action."
"domain-0276","domain","hostinger-mail-ewgjnwrkgnkrw-yhigmahgethcfsuhsviqwfdh[.]pages[.]dev","Cloudflare Pages","final-page;task","confirmed-main-family","2026-04-16T09:37:31.619000Z","2026-04-16T09:37:31.619000Z","1","observed","high","hecavex-investigation","false","Exact long-family domain; scan observation is not victim telemetry. Verify current provider lifecycle before action."
"domain-0277","domain","hostinger-mail-ewgjnwrkgnkrw-yipalzmmkpvcsrsqpzrdrudn[.]pages[.]dev","Cloudflare Pages","final-page;task","confirmed-main-family","2026-04-18T17:57:57.782000Z","2026-08-07T04:48:15.383000Z","5","observed","high","hecavex-investigation","false","Exact long-family domain; scan observation is not victim telemetry. Verify current provider lifecycle before action."
"domain-0278","domain","hostinger-mail-ewgjnwrkgnkrw-yjlghkamsavibwawabjuhsbh[.]pages[.]dev","Cloudflare Pages","task","confirmed-main-family","2026-06-26T17:03:25.457000Z","2026-06-26T17:03:25.457000Z","1","observed","high","hecavex-investigation","false","Exact long-family domain; scan observation is not victim telemetry. Verify current provider lifecycle before action."
"domain-0279","domain","hostinger-mail-ewgjnwrkgnkrw-ykclpumubfuduakwftvyokuk[.]pages[.]dev","Cloudflare Pages","task","confirmed-main-family","2026-05-01T06:31:55.588000Z","2026-05-01T07:22:15.643000Z","2","observed","high","hecavex-investigation","false","Exact long-family domain; scan observation is not victim telemetry. Verify current provider lifecycle before action."
"domain-0280","domain","hostinger-mail-ewgjnwrkgnkrw-ykgxttjrbuboiyswlswutgfl[.]pages[.]dev","Cloudflare Pages","task","confirmed-main-family","2026-06-16T07:24:58.574000Z","2026-06-16T19:20:42.025000Z","2","observed","high","hecavex-investigation","false","Exact long-family domain; scan observation is not victim telemetry. Verify current provider lifecycle before action."
"domain-0281","domain","hostinger-mail-ewgjnwrkgnkrw-ylkkphjjoafzhfkwzvpjgqkx[.]pages[.]dev","Cloudflare Pages","task","confirmed-main-family","2026-07-10T01:36:43.674000Z","2026-07-16T10:18:57.229000Z","2","observed","high","hecavex-investigation","false","Exact long-family domain; scan observation is not victim telemetry. Verify current provider lifecycle before action."
"domain-0282","domain","hostinger-mail-ewgjnwrkgnkrw-yovnacowrvliydairgsflmdm[.]pages[.]dev","Cloudflare Pages","task","confirmed-main-family","2026-06-27T05:17:33.944000Z","2026-06-27T18:05:29.295000Z","2","observed","high","hecavex-investigation","false","Exact long-family domain; scan observation is not victim telemetry. Verify current provider lifecycle before action."
"domain-0283","domain","hostinger-mail-ewgjnwrkgnkrw-yqplxoeketqssfsoyevyqtje[.]pages[.]dev","Cloudflare Pages","task","confirmed-main-family","2026-04-27T06:35:17.108000Z","2026-04-27T11:32:00.883000Z","2","observed","high","hecavex-investigation","false","Exact long-family domain; scan observation is not victim telemetry. Verify current provider lifecycle before action."
"domain-0284","domain","hostinger-mail-ewgjnwrkgnkrw-yrgrrdnjfdjbqhxzbhqryvzi[.]pages[.]dev","Cloudflare Pages","final-page;task","confirmed-main-family","2026-04-23T18:40:40.587000Z","2026-04-23T20:10:20.669000Z","2","observed","high","hecavex-investigation","false","Exact long-family domain; scan observation is not victim telemetry. Verify current provider lifecycle before action."
"domain-0285","domain","hostinger-mail-ewgjnwrkgnkrw-ysiwbpqttyywhagepajyhmuf[.]pages[.]dev","Cloudflare Pages","final-page;task","confirmed-main-family","2026-04-16T14:15:46.282000Z","2026-04-16T14:15:46.282000Z","1","observed","high","hecavex-investigation","false","Exact long-family domain; scan observation is not victim telemetry. Verify current provider lifecycle before action."
"domain-0286","domain","hostinger-mail-ewgjnwrkgnkrw-yskzpfynveefxhxzmzmwpmvj[.]pages[.]dev","Cloudflare Pages","task","confirmed-main-family","2026-06-26T08:39:42.742000Z","2026-06-26T18:34:09.008000Z","2","observed","high","hecavex-investigation","false","Exact long-family domain; scan observation is not victim telemetry. Verify current provider lifecycle before action."
"domain-0287","domain","hostinger-mail-ewgjnwrkgnkrw-yubmyuspbqgfwmtoddydrlnw[.]pages[.]dev","Cloudflare Pages","task","confirmed-main-family","2026-05-13T05:32:30.617000Z","2026-05-13T05:32:30.617000Z","1","observed","high","hecavex-investigation","false","Exact long-family domain; scan observation is not victim telemetry. Verify current provider lifecycle before action."
"domain-0288","domain","hostinger-mail-ewgjnwrkgnkrw-ywukvnhiipwzoarflsvenvra[.]pages[.]dev","Cloudflare Pages","final-page;task","confirmed-main-family","2026-08-06T14:49:01.911000Z","2026-08-20T12:48:59.261000Z","2","observed","high","hecavex-investigation","false","Exact long-family domain; scan observation is not victim telemetry. Verify current provider lifecycle before action."
"domain-0289","domain","hostinger-mail-ewgjnwrkgnkrw-yxoxtiyqlmajvxhtrzjzpjwj[.]pages[.]dev","Cloudflare Pages","task","confirmed-main-family","2026-07-30T12:49:45.548000Z","2026-07-30T12:49:45.548000Z","1","observed","high","hecavex-investigation","false","Exact long-family domain; scan observation is not victim telemetry. Verify current provider lifecycle before action."
"domain-0290","domain","hostinger-mail-ewgjnwrkgnkrw-yxtjeoynkkznschzliodglkh[.]pages[.]dev","Cloudflare Pages","task","confirmed-main-family","2026-06-20T18:48:34.549000Z","2026-06-20T20:31:25.440000Z","2","observed","high","hecavex-investigation","false","Exact long-family domain; scan observation is not victim telemetry. Verify current provider lifecycle before action."
"domain-0291","domain","hostinger-mail-ewgjnwrkgnkrw-yzghiokjlrellxorsvjelier[.]pages[.]dev","Cloudflare Pages","task","confirmed-main-family","2026-06-02T23:23:38.950000Z","2026-08-23T06:54:29.459000Z","3","observed","high","hecavex-investigation","false","Exact long-family domain; scan observation is not victim telemetry. Verify current provider lifecycle before action."
"domain-0292","domain","hostinger-mail-ewgjnwrkgnkrw-ziojsffozqajtdoxfmqfhcqa[.]pages[.]dev","Cloudflare Pages","task","confirmed-main-family","2026-08-13T13:03:09.536000Z","2026-08-13T13:03:09.536000Z","1","observed","high","hecavex-investigation","false","Exact long-family domain; scan observation is not victim telemetry. Verify current provider lifecycle before action."
"domain-0293","domain","hostinger-mail-ewgjnwrkgnkrw-zlfsgmlqvrqurcefjnerlqnu[.]pages[.]dev","Cloudflare Pages","task","confirmed-main-family","2026-08-22T12:52:25.428000Z","2026-08-22T12:52:25.428000Z","1","observed","high","hecavex-investigation","false","Exact long-family domain; scan observation is not victim telemetry. Verify current provider lifecycle before action."
"domain-0294","domain","hostinger-mail-ewgjnwrkgnkrw-znmdalqsieqjeqijektetayw[.]pages[.]dev","Cloudflare Pages","task","confirmed-main-family","2026-06-18T21:23:12.704000Z","2026-06-30T17:46:38.158000Z","5","observed","high","hecavex-investigation","false","Exact long-family domain; scan observation is not victim telemetry. Verify current provider lifecycle before action."
"domain-0295","domain","hostinger-mail-ewgjnwrkgnkrw-znvpvibznuqokphlllrmrnvt[.]pages[.]dev","Cloudflare Pages","task","confirmed-main-family","2026-06-03T17:40:23.794000Z","2026-08-18T12:46:08.629000Z","2","observed","high","hecavex-investigation","false","Exact long-family domain; scan observation is not victim telemetry. Verify current provider lifecycle before action."
"domain-0296","domain","hostinger-mail-ewgjnwrkgnkrw-znzxqmgivtktvxziolqanotn[.]pages[.]dev","Cloudflare Pages","task","confirmed-main-family","2026-06-27T00:10:18.322000Z","2026-06-27T00:20:39.201000Z","2","observed","high","hecavex-investigation","false","Exact long-family domain; scan observation is not victim telemetry. Verify current provider lifecycle before action."
"domain-0297","domain","hostinger-mail-ewgjnwrkgnkrw-zumapzchcwshbooxwuaiwdqh[.]pages[.]dev","Cloudflare Pages","final-page;task","confirmed-main-family","2026-04-06T05:02:38.269000Z","2026-06-17T11:00:54.603000Z","2","observed","high","hecavex-investigation","false","Exact long-family domain; scan observation is not victim telemetry. Verify current provider lifecycle before action."
"domain-0298","domain","hostinger-mail-ewgjnwrkgnkrw-zwlsvripxhhbyymzyytygyss[.]pages[.]dev","Cloudflare Pages","task","confirmed-main-family","2026-06-19T10:55:42.558000Z","2026-08-15T17:53:20.682000Z","2","observed","high","hecavex-investigation","false","Exact long-family domain; scan observation is not victim telemetry. Verify current provider lifecycle before action."
"domain-0299","domain","hostinger-mail-ewgjnwrkgnkrw-zzcwbplrluqaepbnossgktpa[.]pages[.]dev","Cloudflare Pages","task","confirmed-main-family","2026-04-29T10:47:59.127000Z","2026-04-29T18:31:36.365000Z","2","observed","high","hecavex-investigation","false","Exact long-family domain; scan observation is not victim telemetry. Verify current provider lifecycle before action."
"domain-0300","domain","hostinger-uumivqkwcvvexhetvgxogfai[.]pages[.]dev","Cloudflare Pages","task","confirmed-core-precursor","2025-12-23T10:04:49.424000Z","2026-04-20T03:18:03.616000Z","3","historical","high","hecavex-investigation","false","Exact credential-harvester hash predates the long 2026 naming form."
"domain-0301","domain","hostinger-update-ngainmpncpsketwbolthzknx[.]pages[.]dev","Cloudflare Pages","task","weak-context-lead","2026-07-30T01:28:17.644000Z","2026-07-30T01:28:17.644000Z","1","unconfirmed","low","hecavex-investigation","false","Hostinger title plus generic anti-inspection hash only; not a confirmed family member."
"domain-0302","domain","hostinger-wwckxewfyujojngbkjxdudnf[.]pages[.]dev","Cloudflare Pages","final-page;task","grammar-only-lead","2025-11-11T04:59:16.349000Z","2025-11-29T07:55:31.166000Z","2","unconfirmed","low","hecavex-investigation","false","Shared path and parameter grammar only; final title did not impersonate Hostinger."
"domain-0303","domain","hostingermailhrbgwnejfknewh[.]pythonanywhere[.]com","PythonAnywhere","redirect-context","redirect-context","2026-05-09T07:00:30.659Z","2026-05-09T07:00:30.659Z","1","historical-context","moderate","hecavex-investigation","false","Observed in one redirect chain before a Pages-hosted Hostinger page; not a Pages generator output."
